model,price,rating,ram_gb,storage_gb,battery_mah,camera_mp,display_size,refresh_rate,fast_charging_watt,processor_speed,is_5g
OnePlus 11 5G,10449810,89.0,12,256.0,5000,50.0,6.7,120.0,100.0,3.2,1
OnePlus Nord CE 2 Lite 5G,3797910,81.0,6,128.0,5000,64.0,6.59,120.0,33.0,2.2,1
Samsung Galaxy A14 5G,3134810,75.0,4,64.0,5000,50.0,6.6,90.0,15.0,2.4,1
Motorola Moto G62 5G,2849810,81.0,6,128.0,5000,50.0,6.55,120.0,,2.2,1
Realme 10 Pro Plus,4749810,82.0,6,128.0,5000,108.0,6.7,120.0,67.0,2.6,1
Samsung Galaxy F23 5G (6GB RAM + 128GB),3229810,80.0,6,128.0,5000,50.0,6.6,120.0,25.0,2.2,1
Apple iPhone 14,12539810,81.0,6,128.0,3279,12.0,6.1,,,3.22,1
Xiaomi Redmi Note 12 Pro Plus,5699810,86.0,8,256.0,4980,200.0,6.67,120.0,120.0,2.6,1
Nothing Phone 1,5082310,85.0,8,128.0,4500,50.0,6.55,120.0,33.0,2.5,1
OnePlus Nord 2T 5G,5509810,84.0,8,128.0,4500,50.0,6.43,90.0,80.0,3.0,1
Realme 10 Pro,3609810,82.0,6,128.0,5000,108.0,6.72,120.0,33.0,2.2,1
Oppo A78,3609810,79.0,8,128.0,5000,50.0,6.56,90.0,33.0,2.2,1
Xiaomi Redmi Note 12 Pro 5G,4704780,79.0,6,128.0,5000,50.0,6.67,120.0,67.0,2.6,1
Vivo T1 5G (6GB RAM + 128GB),3228100,80.0,6,128.0,5000,50.0,6.58,120.0,18.0,2.2,1
Apple iPhone 13,11969810,79.0,4,128.0,3240,12.0,6.1,,,3.22,1
Vivo Y16,1899810,65.0,3,32.0,5000,13.0,6.51,,10.0,2.3,0
OPPO Reno 9 Pro Plus,8739810,86.0,16,256.0,4700,50.0,6.7,120.0,80.0,3.2,1
OnePlus 10R 5G,6269810,86.0,8,128.0,5000,50.0,6.7,120.0,80.0,2.85,1
Vivo Y22,2754810,72.0,4,64.0,5000,50.0,6.55,,18.0,2.0,0
OnePlus 11R,7599810,85.0,8,128.0,5000,50.0,6.7,120.0,100.0,3.2,1
Vivo V25 Pro 5G,6839810,85.0,8,128.0,4830,64.0,6.56,120.0,66.0,3.0,1
Poco X4 Pro 5G,2849810,80.0,6,64.0,5000,64.0,6.67,120.0,67.0,2.2,1
Xiaomi Redmi Note 12,3393210,76.0,4,128.0,5000,48.0,6.67,120.0,33.0,2.0,1
Vivo V26 Pro,8168100,87.0,12,256.0,4800,64.0,6.7,120.0,100.0,3.2,1
Samsung Galaxy S20 FE 5G,5935410,88.0,8,128.0,4500,12.0,6.5,120.0,,2.84,1
OnePlus Nord CE 2 Lite 5G (8GB RAM + 128GB),4179050,84.0,8,128.0,5000,64.0,6.59,120.0,33.0,2.2,1
Apple iPhone 14 Pro Max,24698100,76.0,6,128.0,4323,48.0,6.7,120.0,,,1
Vivo V25 5G,5319810,83.0,8,128.0,4500,64.0,6.44,90.0,44.0,2.0,1
Realme 10 Pro (8GB RAM + 128GB),3799810,84.0,8,128.0,5000,108.0,6.72,120.0,33.0,2.2,1
Poco X5 Pro,3989810,81.0,6,128.0,5000,108.0,6.67,120.0,67.0,2.4,1
Vivo V27,5318100,83.0,8,256.0,4700,64.0,6.56,120.0,67.0,2.2,1
Apple iPhone 11,7409810,73.0,4,64.0,3110,12.0,6.1,,,2.65,0
Samsung Galaxy M53 5G,4520100,85.0,6,128.0,5000,108.0,6.7,120.0,25.0,2.4,1
Samsung Galaxy S21 FE 5G,7599810,87.0,8,128.0,4500,12.0,6.4,120.0,25.0,2.9,1
Oppo Reno 8T,5698100,87.0,8,256.0,5000,108.0,6.67,120.0,66.0,2.2,1
Xiaomi Redmi Note 12 Pro Max 5G,6269810,83.0,6,128.0,5200,108.0,6.67,120.0,210.0,2.36,1
OPPO Reno 9 5G,5414810,83.0,8,256.0,4500,64.0,6.7,120.0,67.0,2.4,1
OnePlus Nord CE 3 5G,4179810,83.0,6,128.0,5000,108.0,6.7,120.0,67.0,2.2,1
Xiaomi Redmi Note 11 Pro Plus 5G,3799810,83.0,6,128.0,5000,108.0,6.67,120.0,67.0,2.2,1
Motorola Edge 20 Fusion 5G,3609810,87.0,6,128.0,5000,108.0,6.67,90.0,30.0,2.4,1
Realme 10 Pro Plus (8GB RAM + 256GB),5319810,85.0,8,256.0,5000,108.0,6.7,120.0,67.0,2.6,1
Vivo Y35,3514810,80.0,8,128.0,5000,50.0,6.58,90.0,44.0,2.4,0
Samsung Galaxy M33 5G,3320820,81.0,6,128.0,6000,50.0,6.6,120.0,25.0,2.4,1
Xiaomi Redmi Note 11,2267840,76.0,4,64.0,5000,50.0,6.43,90.0,33.0,2.4,0
Realme C33,1700500,64.0,3,32.0,5000,50.0,6.5,,,1.8,0
Vivo Y16 (4GB RAM + 64GB),2372910,68.0,4,64.0,5000,13.0,6.51,,10.0,2.3,0
Samsung Galaxy A14 5G (6GB RAM + 128GB),3609810,79.0,6,128.0,5000,50.0,6.6,90.0,15.0,2.4,1
iQOO Neo 7 5G,5699810,82.0,8,128.0,5000,64.0,6.78,120.0,120.0,3.1,1
Jio JioPhone 5G,2278100,64.0,4,32.0,5000,13.0,6.5,90.0,18.0,2.2,1
Motorola Moto G82 5G,3609810,83.0,6,128.0,5000,50.0,6.6,120.0,30.0,2.2,1
Realme 10,2659810,74.0,4,64.0,5000,50.0,6.4,90.0,33.0,2.2,0
Realme 9i 5G,2843350,75.0,4,64.0,5000,50.0,6.6,90.0,18.0,2.4,1
Apple iPhone 14 Plus,14249810,82.0,6,128.0,4325,12.0,6.7,,,3.22,1
Xiaomi Redmi Note 10S,2089810,78.0,6,64.0,5000,64.0,6.43,,33.0,2.05,0
Samsung Galaxy S23 Plus,16148100,89.0,8,256.0,4700,50.0,6.6,120.0,45.0,3.2,1
Motorola Moto G32,1994810,75.0,4,64.0,5000,50.0,6.55,90.0,33.0,2.4,0
Xiaomi Redmi Note 13 Pro 5G,3418100,78.0,6,128.0,5000,108.0,6.67,120.0,67.0,2.0,1
Vivo S16,5698100,85.0,8,128.0,4600,64.0,6.78,120.0,66.0,3.2,1
Samsung Galaxy A23,3514810,79.0,6,128.0,5000,50.0,6.6,,25.0,2.4,0
Vivo Y22 (6GB RAM + 128GB),3134810,75.0,6,128.0,5000,50.0,6.55,,18.0,2.0,0
Poco M4 Pro 5G (6GB RAM + 128GB),2849810,81.0,6,128.0,5000,50.0,6.6,90.0,33.0,2.4,1
Vivo S16 Pro,6744810,86.0,8,256.0,4600,50.0,6.78,120.0,66.0,3.1,1
OnePlus 10 Pro 5G,11589810,89.0,8,128.0,5000,50.0,6.7,120.0,80.0,3.0,1
Xiaomi Redmi Note 12 Pro Plus (12GB RAM + 256GB),6269810,87.0,12,256.0,4980,200.0,6.67,120.0,120.0,2.6,1
Samsung Galaxy F23 5G,3039810,78.0,4,128.0,5000,50.0,6.6,120.0,25.0,2.2,1
OPPO A17K,1804810,62.0,3,64.0,5000,8.0,6.56,,,2.3,0
Vivo V23 5G (12GB RAM + 256GB),5318860,86.0,12,256.0,4200,64.0,6.44,90.0,44.0,2.5,1
iQOO Z6 Lite 5G,2657910,75.0,4,64.0,5000,50.0,6.58,120.0,18.0,2.0,1
OnePlus 10T,8549810,85.0,8,128.0,4800,50.0,6.7,120.0,150.0,3.2,1
Xiaomi Redmi Note 10T 5G (6GB RAM +128GB),2659810,79.0,6,128.0,5000,48.0,6.5,90.0,18.0,2.2,1
Apple iPhone 13 Pro,22781000,83.0,6,128.0,3095,12.0,6.1,120.0,,3.22,1
OPPO F22 Pro,5255400,83.0,8,128.0,4800,64.0,6.58,120.0,67.0,2.2,1
Samsung Galaxy A34 5G,4749810,75.0,6,128.0,5000,48.0,6.5,90.0,33.0,,1
Xiaomi Redmi 10A (4GB RAM + 64GB),1593720,66.0,4,64.0,5000,13.0,6.53,,,2.0,0
Motorola Moto G72 4G,3039810,83.0,6,128.0,5000,108.0,6.55,120.0,33.0,2.2,0
Samsung Galaxy A14 5G (8GB RAM + 128GB),3989810,82.0,8,128.0,5000,50.0,6.6,90.0,15.0,2.4,1
Realme 9 5G,2659810,75.0,4,64.0,5000,48.0,6.5,90.0,18.0,2.4,1
Vivo T1 5G (8GB RAM + 128GB),3798100,83.0,8,128.0,5000,50.0,6.58,120.0,18.0,2.2,1
Samsung Galaxy M13 5G,2659810,75.0,6,128.0,5000,50.0,6.5,90.0,15.0,2.2,1
Motorola Edge 30 5G,4369810,83.0,6,128.0,4020,50.0,6.5,144.0,33.0,2.5,1
Samsung Galaxy A23 5G,4369810,79.0,6,128.0,5000,50.0,6.6,120.0,25.0,2.2,1
OPPO K10 5G,3229810,79.0,8,128.0,5000,48.0,6.56,90.0,33.0,2.4,1
Xiaomi Redmi Note 11 (6GB RAM + 128GB),2715100,80.0,6,128.0,5000,50.0,6.43,90.0,33.0,2.4,0
Vivo Y21 2021,2562910,69.0,4,64.0,5000,13.0,6.51,,18.0,2.3,0
OnePlus Ace Racing Edition 5G,4368100,83.0,8,128.0,5000,64.0,6.59,120.0,,2.85,1
Motorola Moto G62 (8GB RAM + 128GB),3134810,84.0,8,128.0,5000,50.0,6.55,120.0,,2.2,1
Realme C33 (4GB RAM + 64GB),1899810,67.0,4,64.0,5000,50.0,6.5,,,1.8,0
Realme 9i,2374810,75.0,4,64.0,5000,50.0,6.6,90.0,33.0,2.4,0
OPPO A17,2374810,72.0,4,64.0,5000,50.0,6.56,,,2.3,0
iQOO 11 5G,11399810,88.0,8,256.0,5000,50.0,6.78,144.0,120.0,3.2,1
Vivo T1 5G,3038100,78.0,4,128.0,5000,50.0,6.58,120.0,18.0,2.2,1
Apple iPhone 14 Pro,22798100,75.0,6,128.0,3200,48.0,6.1,120.0,,,1
Xiaomi Redmi Note 11 Pro Max 5G,3799810,83.0,6,128.0,5200,108.0,6.67,120.0,33.0,2.4,1
Motorola Moto S30 Pro,4558100,83.0,8,128.0,4400,50.0,6.55,144.0,68.0,2.9,1
Realme 10s,2469810,80.0,8,128.0,5000,50.0,6.6,90.0,33.0,2.4,1
OPPO F19 Pro Plus 5G,3798100,82.0,8,128.0,4310,48.0,6.43,,50.0,2.4,1
Vivo V27 Pro,8359810,87.0,12,256.0,5000,108.0,6.73,144.0,120.0,3.2,1
Samsung Galaxy S22 5G,9499810,86.0,8,128.0,3700,50.0,6.1,120.0,25.0,3.0,1
Vivo T1 44W (6GB RAM + 128GB),3039810,79.0,6,128.0,5000,50.0,6.44,,44.0,2.4,0
OnePlus 10R 5G (12GB RAM + 256GB),7029810,87.0,12,256.0,5000,50.0,6.7,120.0,80.0,2.85,1
Tecno Phantom X2,7599810,85.0,8,256.0,5160,64.0,6.8,120.0,45.0,3.05,1
Xiaomi Redmi K50i 5G,4369810,82.0,6,128.0,5080,64.0,6.6,144.0,67.0,2.85,1
Samsung Galaxy A53 5G,6079810,87.0,6,128.0,5000,64.0,6.5,120.0,25.0,2.4,1
OPPO Reno8 5G,5574600,83.0,8,128.0,4500,50.0,6.43,90.0,80.0,3.0,1
Samsung Galaxy M53 5G (8GB RAM + 128GB),4804910,87.0,8,128.0,5000,108.0,6.7,120.0,25.0,2.4,1
iQOO Z6 Pro 5G,4139720,78.0,6,128.0,4700,64.0,6.44,90.0,66.0,2.4,1
Tesla Pi Phone,13299810,83.0,16,512.0,5000,50.0,6.73,165.0,120.0,,1
Samsung Galaxy S23,13488100,88.0,8,128.0,3900,50.0,6.1,120.0,25.0,3.2,1
Motorola Edge 30 Pro 5G,6649810,89.0,8,128.0,4800,50.0,6.7,144.0,68.0,3.0,1
OnePlus Nord 2T (12GB RAM + 256GB),6441000,85.0,12,256.0,4500,50.0,6.43,90.0,80.0,3.0,1
Google Pixel 6A,5699810,71.0,6,128.0,4410,12.0,6.14,,,,1
Infinix Note 12 Pro 5G,3609810,84.0,8,128.0,5000,108.0,6.7,,33.0,2.4,1
Samsung Galaxy M33 5G (8GB RAM + 128GB),3704810,84.0,8,128.0,6000,50.0,6.6,120.0,25.0,2.4,1
Vivo V23 5G,4748860,83.0,8,128.0,4200,64.0,6.44,90.0,44.0,2.5,1
Motorola Moto G42,2089810,78.0,4,64.0,5000,50.0,6.47,,20.0,2.4,0
OnePlus Nord CE 2 Lite 5G (8GB RAM + 256GB),4749810,85.0,8,256.0,5000,64.0,6.59,120.0,33.0,2.2,1
Samsung Galaxy A33 5G,4939810,82.0,6,128.0,5000,48.0,6.4,90.0,25.0,2.4,1
Google Pixel 7A,6648100,69.0,6,128.0,4410,12.0,6.1,90.0,,,1
Xiaomi Redmi 11 Prime 5G,2558540,74.0,4,64.0,5000,50.0,6.58,90.0,18.0,2.2,1
Xiaomi Redmi Note 10 Lite,1899810,76.0,4,64.0,5020,48.0,6.67,,18.0,2.3,0
Motorola Moto E40,1519810,71.0,4,64.0,5000,48.0,6.5,90.0,,1.8,0
Nothing Phone 1 (8GB RAM + 256GB),5367310,86.0,8,256.0,4500,50.0,6.55,120.0,33.0,2.5,1
Poco X4 Pro 5G (6GB RAM + 128GB),3134810,82.0,6,128.0,5000,64.0,6.67,120.0,67.0,2.2,1
Xiaomi Redmi Note 11 Pro Plus 5G (8GB RAM + 256GB),4369810,87.0,8,256.0,5000,108.0,6.67,120.0,67.0,2.2,1
Apple iPhone 11 (128GB),8929810,75.0,4,128.0,3110,12.0,6.1,,,2.65,0
Realme C35 (6GB RAM + 128GB),2659810,74.0,6,128.0,5000,50.0,6.6,90.0,18.0,1.8,0
OPPO K10,2563100,78.0,6,128.0,5000,50.0,6.59,90.0,33.0,2.4,0
iQOO Neo 6 5G,5509810,82.0,8,128.0,4700,64.0,6.62,120.0,80.0,3.2,1
iQOO Z6 5G,2944810,78.0,4,128.0,5000,50.0,6.58,120.0,18.0,2.2,1
OPPO Reno 9 Pro 5G,7599810,86.0,16,256.0,4500,50.0,6.7,120.0,67.0,2.85,1
Poco M4 Pro 5G,2469810,76.0,4,64.0,5000,50.0,6.6,90.0,33.0,2.4,1
OnePlus Clover,2849810,69.0,4,64.0,6000,13.0,6.52,,18.0,1.8,0
Samsung Galaxy F04,1614810,68.0,4,64.0,5000,13.0,6.5,,15.0,2.3,0
iQOO 7,4748100,83.0,8,128.0,4400,48.0,6.62,120.0,66.0,3.2,1
Samsung Galaxy M34 5G,3229810,84.0,6,128.0,6000,64.0,6.5,120.0,25.0,2.4,1
Xiaomi Redmi 10,1821910,71.0,4,64.0,6000,50.0,6.7,,18.0,2.4,0
Xiaomi Redmi Note 12 (6GB RAM + 128GB),3797720,79.0,6,128.0,5000,48.0,6.67,120.0,33.0,2.0,1
Motorola Moto G52,2279810,75.0,4,64.0,5000,50.0,6.6,90.0,33.0,2.4,0
Apple iPhone 15 Pro Max,27168100,79.0,8,256.0,4352,50.0,6.68,120.0,25.0,,1
Oppo A98,5888100,87.0,8,128.0,5000,108.0,6.7,120.0,67.0,3.0,1
Infinix Zero 5G 2023,3704810,85.0,8,256.0,5000,50.0,6.78,120.0,33.0,2.6,1
OPPO F21 Pro 5G,4934110,82.0,8,128.0,4500,64.0,6.43,,33.0,2.2,1
Realme 11 Pro,5509810,82.0,6,128.0,5000,64.0,6.4,120.0,65.0,3.0,1
Realme 9 4G,2849810,81.0,6,128.0,5000,108.0,6.4,90.0,33.0,2.4,0
Cola Phone,2849810,74.0,4,64.0,5000,50.0,6.4,90.0,33.0,2.2,0
Apple iPhone 13 Pro Max,24681000,84.0,6,128.0,4352,12.0,6.7,120.0,,3.22,1
Oppo Reno 10 Pro Plus,11208100,88.0,12,256.0,4700,64.0,6.73,120.0,80.0,3.2,1
Vivo X90 5G,7978100,88.0,8,128.0,4810,50.0,6.78,120.0,120.0,3.05,1
Samsung Galaxy F13,2089810,74.0,4,64.0,6000,50.0,6.6,,15.0,2.0,0
Xiaomi Redmi Note 10S (6GB RAM + 128GB),2279810,79.0,6,128.0,5000,64.0,6.43,,33.0,2.05,0
Realme 10 (8GB RAM + 128GB),3229810,79.0,8,128.0,5000,50.0,6.4,90.0,33.0,2.2,0
iQOO 9 SE 5G,5888100,83.0,8,128.0,4500,48.0,6.62,120.0,66.0,2.84,1
Infinix Hot 20,3419810,75.0,4,64.0,5000,50.0,6.6,120.0,18.0,2.4,1
Xiaomi Redmi Note 13 Pro Max 5G,3894810,83.0,6,128.0,5200,108.0,6.67,120.0,67.0,2.36,1
Realme Narzo 50 Pro 5G,3893100,81.0,6,128.0,5000,48.0,6.4,90.0,33.0,2.5,1
OPPO A74 5G,2943100,77.0,6,128.0,5000,48.0,6.5,90.0,18.0,2.0,1
Apple iPhone 9,5698100,61.0,3,64.0,2050,12.0,4.7,,,2.65,0
iQOO Z6 Lite (6GB RAM + 128GB),2944810,79.0,6,128.0,5000,50.0,6.58,120.0,18.0,2.0,1
Xiaomi Redmi Note 11SE,2279810,80.0,6,64.0,5000,64.0,6.43,,33.0,2.05,0
Realme Narzo 50,2089810,74.0,4,64.0,5000,50.0,6.6,120.0,33.0,2.0,0
Vivo Y75 5G,4178100,82.0,8,128.0,5000,50.0,6.58,,18.0,2.2,1
Vivo V25 (12GB RAM + 256GB),6079810,85.0,12,256.0,4500,64.0,6.44,90.0,44.0,2.0,1
POCO M4 Pro 4G,2279810,77.0,6,64.0,5000,64.0,6.43,90.0,33.0,2.05,0
Infinix Zero Ultra,7029810,89.0,8,256.0,4500,200.0,6.8,120.0,180.0,2.5,1
Tecno Spark Go 2023,1329810,62.0,3,32.0,5000,13.0,6.56,,10.0,2.0,0
Motorola Moto X40,7599810,89.0,8,128.0,4600,50.0,6.7,165.0,125.0,3.2,1
Samsung Galaxy F24 5G,2849810,78.0,4,128.0,5000,50.0,6.6,120.0,25.0,2.2,1
Realme 10 5G,2754810,79.0,8,128.0,5000,50.0,6.6,90.0,33.0,2.2,1
OnePlus Nord 3 5G,5319810,84.0,8,128.0,4200,50.0,6.43,90.0,120.0,3.1,1
Motorola Moto G82 (8GB RAM + 128GB),3894810,86.0,8,128.0,5000,50.0,6.6,120.0,30.0,2.2,1
iKall Z19 Pro,1538810,60.0,4,64.0,5000,13.0,6.5,,,1.6,0
LeEco S1 Pro,2089810,65.0,8,128.0,5000,13.0,6.5,,10.0,1.8,0
Realme C2s,664810,63.0,3,32.0,4000,13.0,6.1,,,2.0,0
Samsung Galaxy M54 5G,6649810,85.0,6,128.0,6000,64.0,6.67,90.0,25.0,2.84,1
Motorola Edge 30 Fusion 5G,7599810,88.0,8,128.0,4400,50.0,6.55,144.0,68.0,2.9,1
Realme C35,2247320,70.0,4,64.0,5000,50.0,6.6,,18.0,1.8,0
OPPO Reno 8 Pro House of Dragon Edition,8739810,86.0,12,256.0,4500,50.0,6.7,120.0,80.0,2.85,1
OnePlus Nord CE 3 Lite 5G,3609810,81.0,6,128.0,5000,50.0,6.59,120.0,33.0,2.2,1
Poco X4 Pro 5G (8GB RAM + 128GB),3419810,84.0,8,128.0,5000,64.0,6.67,120.0,67.0,2.2,1
Samsung Galaxy M04,1614810,66.0,4,64.0,5000,13.0,6.5,,15.0,2.3,0
OPPO A77s,3419810,76.0,8,128.0,5000,50.0,6.56,90.0,33.0,2.4,0
Samsung Galaxy A13,2745500,75.0,4,64.0,5000,50.0,6.6,,25.0,2.0,0
Motorola Moto G52 (6GB RAM + 128GB),2469810,79.0,6,128.0,5000,50.0,6.6,90.0,33.0,2.4,0
Poco M4 5G,2184810,75.0,4,64.0,5000,50.0,6.58,90.0,18.0,2.2,1
Nothing Phone 1 (12GB RAM + 256GB),6839810,87.0,12,256.0,4500,50.0,6.55,120.0,33.0,2.5,1
Samsung Galaxy A54 5G,6649810,76.0,6,128.0,5000,50.0,6.4,120.0,25.0,,1
Tecno Pova 4,2279810,73.0,8,128.0,6000,50.0,6.82,90.0,18.0,2.2,0
Xiaomi Redmi Note 12 Pro (8GB RAM + 256GB),5318860,82.0,8,256.0,5000,50.0,6.67,120.0,67.0,2.6,1
Apple iPhone 14 Pro Max (256GB),26598100,77.0,6,256.0,4323,48.0,6.7,120.0,,,1
Vivo V25 Pro (12GB RAM + 256GB),7599810,86.0,12,256.0,4830,64.0,6.56,120.0,66.0,3.0,1
Realme 9 5G (6GB RAM + 128GB),2944810,79.0,6,128.0,5000,48.0,6.5,90.0,18.0,2.4,1
Realme 9 Pro 5G,3609810,80.0,6,128.0,5000,64.0,6.6,120.0,33.0,2.2,1
Lava Blaze 5G,2089810,73.0,4,128.0,5000,50.0,6.5,90.0,,2.2,1
Honor X9a,5319810,81.0,8,256.0,5100,64.0,6.67,120.0,40.0,2.2,1
Tecno Pova 3,1899810,74.0,4,64.0,7000,50.0,6.95,90.0,33.0,2.0,0
Vivo V23 Pro 5G,6078860,85.0,8,128.0,4300,108.0,6.56,90.0,44.0,3.0,1
Samsung Galaxy A04e,1766810,65.0,3,32.0,5000,13.0,6.5,,,2.3,0
Xiaomi Redmi K60,5698100,84.0,8,128.0,5500,64.0,6.67,120.0,67.0,3.2,1
Realme 9 Pro Plus 5G,4921000,78.0,6,128.0,4500,50.0,6.4,90.0,60.0,2.5,1
Realme 9i 5G (6GB RAM + 128GB),3229810,78.0,6,128.0,5000,50.0,6.6,90.0,18.0,2.4,1
Motorola Edge 30 5G (8GB RAM + 128GB),4749810,85.0,8,128.0,4020,50.0,6.5,144.0,33.0,2.5,1
Xiaomi Redmi Note 11 (6GB RAM + 64GB),2315720,79.0,6,64.0,5000,50.0,6.43,90.0,33.0,2.4,0
POCO C31 (4GB RAM + 64GB),1424810,68.0,4,64.0,5000,13.0,6.53,,,2.3,0
Realme Narzo 50 5G,3419810,79.0,6,128.0,5000,48.0,6.6,90.0,33.0,2.4,1
Realme GT Neo 3T,4749810,79.0,6,128.0,5000,64.0,6.62,120.0,80.0,3.2,1
OPPO Reno 8 Pro 5G,8739810,86.0,12,256.0,4500,50.0,6.7,120.0,80.0,2.85,1
iQOO 11 Pro 5G,11208100,89.0,8,256.0,4700,50.0,6.78,144.0,200.0,3.2,1
Vivo T1x 4G,2279810,74.0,4,64.0,5000,50.0,6.58,90.0,18.0,2.4,0
Xiaomi Redmi 10 Power,2279810,77.0,8,128.0,6000,50.0,6.7,,18.0,2.4,0
OPPO A58,3608100,76.0,6,128.0,5000,50.0,6.56,90.0,33.0,2.2,1
Vivo T1 44W,2754810,77.0,4,128.0,5000,50.0,6.44,,44.0,2.4,0
Vivo Y16 (3GB RAM + 64GB),1994810,66.0,3,64.0,5000,13.0,6.51,,10.0,2.3,0
OPPO Reno 8 Z,5128100,86.0,8,256.0,4500,64.0,6.43,,33.0,2.2,1
Vivo Y75 4G,3798100,82.0,8,128.0,4050,50.0,6.44,,44.0,2.05,0
Xiaomi Redmi Note 12 Explorer,4749810,89.0,8,256.0,4300,200.0,6.67,120.0,120.0,2.6,1
OPPO A57 4G (4GB RAM + 64 GB),2654110,69.0,4,64.0,5000,13.0,6.56,,33.0,2.3,0
Samsung Galaxy A75 5G,8549810,83.0,8,128.0,5000,108.0,6.7,120.0,67.0,,1
Vivo T1 Pro 5G (8GB RAM + 128GB),4749810,84.0,8,128.0,4700,64.0,6.44,90.0,66.0,2.4,1
Google Pixel 7 5G,10089000,86.0,8,128.0,4355,50.0,6.3,90.0,30.0,2.85,1
Xiaomi Redmi Note 11T 5G (6GB RAM + 128GB),3229810,81.0,6,128.0,5000,50.0,6.6,90.0,33.0,2.4,1
OPPO F21s Pro 4G,4160810,82.0,8,128.0,4500,64.0,6.43,90.0,33.0,2.4,0
Apple iPhone 14 (256GB),14439810,82.0,6,256.0,3279,12.0,6.1,,,3.22,1
Motorola Moto G73,4939810,85.0,8,256.0,5000,50.0,6.5,120.0,30.0,2.2,1
Nubia Red Magic 8 Pro 5G,8928100,84.0,8,128.0,6000,50.0,6.8,120.0,80.0,3.2,1
Motorola Moto G31,1899810,75.0,4,64.0,5000,50.0,6.47,,20.0,2.0,0
Tecno Phantom X2 Pro,9499810,89.0,12,256.0,5160,50.0,6.8,120.0,45.0,3.05,1
Infinix Zero 20,3419810,87.0,8,128.0,4500,108.0,6.7,90.0,45.0,2.2,0
iQOO Z6 5G (6GB RAM + 128GB),3218600,80.0,6,128.0,5000,50.0,6.58,120.0,18.0,2.2,1
Xiaomi Redmi Note 11 Pro 5G,3418100,81.0,6,64.0,5000,108.0,6.67,120.0,67.0,2.2,1
OPPO A1 Pro,3988100,84.0,8,128.0,4800,108.0,6.7,120.0,67.0,2.2,1
Samsung Galaxy S22 FE 5G,9879810,79.0,8,128.0,4200,12.0,6.4,120.0,33.0,,1
Samsung Galaxy S22 Plus 5G,12245310,87.0,8,128.0,4500,50.0,6.6,120.0,45.0,3.0,1
Vivo U3x,1708100,71.0,6,64.0,5000,13.0,6.58,90.0,18.0,2.0,1
Motorola Moto G23,3799810,77.0,4,128.0,5000,50.0,6.5,90.0,30.0,2.0,0
Poco M4 5G (6GB RAM + 128GB),2564810,79.0,6,128.0,5000,50.0,6.58,90.0,18.0,2.2,1
Tecno Pova 5G,2944810,78.0,8,128.0,6000,50.0,6.9,120.0,18.0,2.4,1
POCO C31,1234810,65.0,3,32.0,5000,13.0,6.53,,,2.3,0
Apple iPhone XR2,13679810,60.0,4,64.0,3060,12.0,6.1,,,,0
Samsung Galaxy A53 (8GB RAM + 256GB),6934810,89.0,8,256.0,5000,64.0,6.5,120.0,25.0,2.4,1
Infinix Note 12 5G,3039810,78.0,6,64.0,5000,50.0,6.7,,33.0,2.4,1
OPPO Reno7 Pro 5G,6078860,87.0,12,256.0,4500,50.0,6.55,90.0,65.0,3.0,1
OnePlus Ace 2,6649810,84.0,8,128.0,5000,50.0,6.7,120.0,100.0,3.2,1
Redmi Note 11 Pro 2023,3609810,81.0,6,128.0,5000,108.0,6.67,120.0,67.0,2.3,0
Nothing Phone 2,7598100,88.0,8,128.0,4700,50.0,6.67,120.0,66.0,3.2,1
Samsung Galaxy A32 (8GB RAM + 128GB),3134810,82.0,8,128.0,5000,64.0,6.4,90.0,15.0,2.0,0
Google Pixel 6 Pro,10317000,89.0,12,128.0,5003,50.0,6.71,120.0,30.0,2.8,1
Infinix Note 12i (2022),1899810,73.0,4,64.0,5000,50.0,6.7,,33.0,2.0,0
Xiaomi Redmi 11 Prime 5G (6GB RAM + 128GB),3038100,77.0,6,128.0,5000,50.0,6.58,90.0,18.0,2.2,1
Xiaomi Redmi Note 11 Pro Plus 5G (8GB RAM + 128GB),4313000,86.0,8,128.0,5000,108.0,6.67,120.0,67.0,2.2,1
Xiaomi 12 Pro 5G,9688100,89.0,8,256.0,4600,50.0,6.73,120.0,120.0,3.0,1
Apple iPhone 13 Mini,12331000,79.0,4,128.0,2438,12.0,5.4,,,3.22,1
Tecno Pova 3 (6GB RAM + 128GB),2621810,77.0,6,128.0,7000,50.0,6.9,90.0,33.0,2.0,0
Realme C31 (4GB RAM + 64GB),1709810,65.0,4,64.0,5000,13.0,6.52,,,1.82,0
Asus ROG Phone 6 Pro 5G,17099810,88.0,18,512.0,6000,50.0,6.78,165.0,65.0,3.2,1
Vivo V23e 5G,4178860,84.0,8,128.0,4050,50.0,6.44,,44.0,2.4,1
Apple iPhone 14 Mini,13298100,70.0,6,128.0,3500,12.0,5.42,,,,0
Xiaomi Redmi Note 10T 5G,2469810,75.0,4,64.0,5000,48.0,6.5,90.0,18.0,2.2,1
iQOO Neo 7 SE 5G,4748100,83.0,8,128.0,5000,64.0,6.78,120.0,120.0,3.1,1
Samsung Galaxy A23 (8GB RAM + 128GB),3798100,82.0,8,128.0,5000,50.0,6.6,,25.0,2.4,0
Xiaomi Redmi Note 12 Pro (8GB RAM + 128GB),5129810,82.0,8,128.0,5000,50.0,6.67,120.0,67.0,2.6,1
Xiaomi Redmi Note 12 Turbo,3799810,81.0,8,128.0,5000,50.0,6.67,120.0,67.0,2.4,1
Infinix Note 12 Pro,3211000,83.0,8,256.0,5000,108.0,6.7,,33.0,2.2,0
Infinix Hot 20 (6GB RAM+ 128GB),3799810,78.0,6,128.0,5000,50.0,6.6,120.0,18.0,2.4,1
Apple iPhone 14 Pro Max (1TB),34769810,78.0,6,1.0,4323,48.0,6.7,120.0,,,1
Samsung Galaxy M13,2469810,75.0,6,128.0,6000,50.0,6.6,,15.0,2.0,0
Poco M4 Pro 5G (8GB RAM + 128GB),3039810,82.0,8,128.0,5000,50.0,6.6,90.0,33.0,2.4,1
Xiaomi Redmi Note 10S (8GB RAM + 128GB),2659810,82.0,8,128.0,5000,64.0,6.43,,33.0,2.05,0
Realme C11 2021 (4GB RAM + 64GB),1472310,61.0,4,64.0,5000,8.0,6.52,,,1.6,0
Samsung Galaxy A23 5G (8GB RAM + 128GB),4749810,81.0,8,128.0,5000,50.0,6.6,120.0,25.0,2.2,1
OPPO F21s Pro,4920050,82.0,8,128.0,4500,64.0,6.43,,33.0,2.2,1
Xiaomi 13 5G,8928100,89.0,8,128.0,4500,50.0,6.36,120.0,67.0,3.2,1
Xiaomi Redmi 10A,1424810,64.0,3,32.0,5000,13.0,6.53,,,2.0,0
Vivo Y01A,1480100,60.0,2,32.0,5000,8.0,6.51,,10.0,2.3,0
Xiaomi Redmi K50i (8GB RAM + 256GB),4939810,85.0,8,256.0,5080,64.0,6.6,144.0,67.0,2.85,1
Realme C30 (3GB RAM + 32GB),1196810,60.0,3,32.0,5000,8.0,6.5,,,1.82,0
Motorola Moto G51 5G,2469810,77.0,4,64.0,5000,50.0,6.8,120.0,,2.2,1
Xiaomi Redmi 10 (6GB RAM + 128GB),2279810,75.0,6,128.0,6000,50.0,6.7,,18.0,2.4,0
Xiaomi Mi 11 Lite NE 5G,4159100,83.0,6,128.0,4250,64.0,6.55,90.0,33.0,2.4,1
OnePlus 10T (16GB RAM + 256GB),10639810,87.0,16,256.0,4800,50.0,6.7,120.0,150.0,3.2,1
Samsung Galaxy A13 (4GB RAM + 128GB),2849810,75.0,4,128.0,5000,50.0,6.6,,25.0,2.0,0
OPPO Reno7 5G,4938860,85.0,8,256.0,4500,64.0,6.43,90.0,65.0,2.0,1
OnePlus 9RT 5G,8169810,85.0,8,128.0,4500,50.0,6.62,120.0,,2.84,1
Samsung Galaxy A53 5G (8GB RAM + 128GB),6364810,89.0,8,128.0,5000,64.0,6.5,120.0,25.0,2.4,1
Motorola Moto G71 5G,3229810,80.0,6,128.0,5000,50.0,6.4,,33.0,2.2,1
Vivo Y100,5698100,82.0,8,128.0,5000,50.0,6.0,120.0,66.0,2.4,1
Samsung Galaxy M13 5G (4GB RAM + 64GB),2459360,71.0,4,64.0,5000,50.0,6.5,90.0,15.0,2.2,1
POCO X5 GT,5698100,84.0,8,128.0,5000,64.0,6.7,144.0,80.0,3.2,1
Honor X9 5G,3229810,80.0,8,128.0,4800,48.0,6.81,,66.0,2.2,1
iQOO 11 (16GB RAM + 256GB),12349810,89.0,16,256.0,5000,50.0,6.78,144.0,120.0,3.2,1
Apple iPhone 14 Plus (256GB),16149810,83.0,6,256.0,4325,12.0,6.7,,,3.22,1
Samsung Galaxy A33 5G (8GB RAM + 128GB),5224810,85.0,8,128.0,5000,48.0,6.4,90.0,25.0,2.4,1
Tecno Spark 9,1709810,69.0,6,128.0,5000,13.0,6.6,90.0,,2.3,0
Google Pixel 6,7691200,84.0,8,128.0,4614,50.0,6.4,90.0,30.0,2.8,1
Xiaomi Redmi Note 10 Pro (6GB RAM + 128GB),3419810,81.0,6,128.0,5020,64.0,6.67,120.0,33.0,2.3,0
Infinix Hot 20 Play,1709810,67.0,4,64.0,6000,13.0,6.82,90.0,18.0,2.3,0
Vivo T1x (6GB RAM + 128GB),2849810,77.0,6,128.0,5000,50.0,6.58,90.0,18.0,2.4,0
OPPO F23 Pro,3798100,82.0,8,128.0,4500,64.0,6.5,90.0,33.0,2.2,1
iQOO Z6 Pro 5G (8GB RAM + 128GB),4445810,80.0,8,128.0,4700,64.0,6.44,90.0,66.0,2.4,1
Realme 9 5G SE (8GB RAM + 128GB),4369620,82.0,8,128.0,5000,48.0,6.6,144.0,30.0,2.4,1
Poco F4 5G,4939810,82.0,6,128.0,4500,64.0,6.67,120.0,67.0,3.2,1
Infinix Note 12,2223000,74.0,4,64.0,5000,50.0,6.7,,33.0,2.0,0
Motorola Moto G60,3039810,84.0,6,128.0,6000,108.0,6.78,120.0,20.0,2.3,0
OnePlus 9 Pro,12312000,89.0,8,128.0,4500,48.0,6.7,120.0,65.0,2.84,1
Xiaomi Redmi Note 11S,2772100,80.0,6,64.0,5000,108.0,6.43,90.0,33.0,2.05,0
Xiaomi Redmi 9 Activ,1424810,68.0,4,64.0,5000,13.0,6.53,,,2.3,0
Tecno Camon 19 Pro 5G,4179810,82.0,8,128.0,5000,64.0,6.8,120.0,33.0,2.4,1
Samsung Galaxy A04,2279810,71.0,4,64.0,5000,50.0,6.5,,,2.3,0
POCO M4 Pro 4G (6GB RAM + 128GB),2469810,79.0,6,128.0,5000,64.0,6.43,90.0,33.0,2.05,0
OnePlus Nord N20 5G,3988100,81.0,6,128.0,4500,64.0,6.43,,33.0,2.2,1
Apple iPhone 13 (256GB),13869810,79.0,4,256.0,3240,12.0,6.1,,,3.22,1
Motorola Moto G53,4179810,79.0,4,128.0,5000,50.0,6.5,120.0,10.0,2.2,1
Motorola Moto G22,1804810,75.0,4,64.0,5000,50.0,6.53,90.0,20.0,2.3,0
Xiaomi Redmi 9i Sport,1424810,66.0,4,64.0,5000,13.0,6.53,,10.0,2.0,0
Vivo Y93,3420000,62.0,4,32.0,4030,13.0,6.2,,,2.0,0
Xiaomi Redmi K60 Pro,7409810,85.0,8,128.0,5000,54.0,6.67,120.0,120.0,3.2,1
Vivo Y22s,2848100,77.0,8,128.0,5000,50.0,6.55,90.0,18.0,2.4,0
OPPO A77,2944810,70.0,4,64.0,5000,50.0,6.56,,33.0,2.3,0
Xiaomi Redmi 10A Sport,1899810,69.0,6,128.0,5000,13.0,6.53,,,2.0,0
Poco F4 (12GB RAM + 256GB),5699810,86.0,12,256.0,4500,64.0,6.67,120.0,67.0,3.2,1
Realme 9 4G (8GB RAM + 128GB),3039810,84.0,8,128.0,5000,108.0,6.4,90.0,33.0,2.4,0
Xiaomi 12T Pro 5G,11398100,89.0,8,128.0,5000,200.0,6.67,120.0,120.0,3.2,1
iQOO 9 5G,6648100,84.0,8,128.0,4350,48.0,6.56,120.0,120.0,2.9,1
Samsung Galaxy S24 Ultra,22798100,85.0,12,256.0,5100,200.0,6.83,144.0,45.0,,1
OnePlus 10T (12GB RAM + 256GB),9689810,87.0,12,256.0,4800,50.0,6.7,120.0,150.0,3.2,1
Tecno Spark 9 (4GB RAM + 64GB),1519810,65.0,4,64.0,5000,13.0,6.6,90.0,,2.3,0
Samsung Galaxy S21 FE 5G (8GB RAM + 256GB),8359810,88.0,8,256.0,4500,12.0,6.4,120.0,25.0,2.9,1
Xiaomi Redmi Note 11T 5G (8GB RAM + 128GB),3514810,83.0,8,128.0,5000,50.0,6.6,90.0,33.0,2.4,1
Vivo V21 Pro,6269810,85.0,8,128.0,4300,64.0,6.44,,33.0,2.4,1
Poco X3,2564810,80.0,6,64.0,6000,64.0,6.67,120.0,33.0,2.3,0
Samsung Galaxy S20 FE,6742910,86.0,8,128.0,4500,12.0,6.5,120.0,25.0,2.73,0
Google Pixel 4,3822800,78.0,6,64.0,2800,16.0,5.7,,,2.8,0
Samsung Galaxy S10 Plus,8169810,81.0,8,128.0,4100,16.0,6.4,,15.0,2.7,0
Realme 11 Pro Plus,4749810,78.0,6,128.0,4200,50.0,6.4,90.0,66.0,2.2,1
OPPO F21 Pro 4G,3989810,82.0,8,128.0,4500,64.0,6.5,90.0,33.0,2.4,0
Realme GT 2 5G,5508860,84.0,8,128.0,5000,50.0,6.62,120.0,65.0,2.84,1
Samsung Galaxy S21,9291000,88.0,8,128.0,4000,64.0,6.2,120.0,25.0,2.9,1
Samsung Galaxy A71,4273860,86.0,8,128.0,4500,64.0,6.7,,25.0,2.2,0
Vivo Y02s,1708100,61.0,3,32.0,5000,8.0,6.51,,10.0,2.3,0
Tecno Spark 8C (4GB RAM + 64GB),1689100,63.0,4,64.0,5000,13.0,6.6,90.0,,2.0,0
iQOO Z6 5G (8GB RAM + 128GB),3514620,82.0,8,128.0,5000,50.0,6.58,120.0,18.0,2.2,1
Vivo T1 Pro,4559810,81.0,6,128.0,4700,64.0,6.44,90.0,66.0,2.4,1
Realme 9 Pro Plus 5G (8GB RAM + 128GB),4368860,81.0,8,128.0,4500,50.0,6.4,90.0,60.0,2.5,1
Samsung Galaxy A04s,2468100,71.0,4,64.0,5000,50.0,6.5,90.0,15.0,2.0,0
Realme 9i (6GB RAM + 128GB),2849810,78.0,6,128.0,5000,50.0,6.6,90.0,33.0,2.4,0
Realme 8 5G (8GB RAM + 128GB),3514810,80.0,8,128.0,5000,48.0,6.5,90.0,18.0,2.2,1
OPPO F19,2848100,78.0,6,128.0,5000,48.0,6.4,,33.0,2.0,0
Samsung Galaxy M32 Prime Edition,2302800,75.0,4,64.0,6000,64.0,6.4,90.0,15.0,2.0,0
Oukitel WP19,5698100,84.0,8,256.0,21000,64.0,6.78,,33.0,2.0,0
Realme 9 Pro 5G (8GB RAM + 128GB),3989810,82.0,8,128.0,5000,64.0,6.6,120.0,33.0,2.2,1
Xiaomi Redmi Note 10 Lite (6GB RAM + 128GB),2279810,80.0,6,128.0,5020,48.0,6.67,,18.0,2.3,0
Samsung Galaxy A13 5G,3418100,73.0,4,64.0,5000,50.0,6.5,90.0,15.0,2.2,1
Xiaomi Redmi Note 11 5G,2848100,77.0,4,128.0,5000,50.0,6.6,90.0,33.0,2.4,1
Realme GT Neo 5,6649810,83.0,8,128.0,4600,50.0,6.7,120.0,240.0,3.2,1
Apple iPhone 15 Ultra,28481000,79.0,8,128.0,4700,48.0,6.73,120.0,,,1
Realme 9i (4GB RAM + 128GB),2659810,75.0,4,128.0,5000,50.0,6.6,90.0,33.0,2.4,0
Xiaomi Redmi Note 11T 5G,3229810,79.0,6,64.0,5000,50.0,6.6,90.0,33.0,2.4,1
OPPO Reno 6 Pro 5G,6984400,87.0,12,256.0,4500,64.0,6.55,90.0,65.0,3.0,1
Xiaomi Mi 11i 5G,4464810,81.0,6,128.0,5160,108.0,6.67,120.0,67.0,2.5,1
Asus ROG Phone 7,14438100,87.0,18,256.0,6000,64.0,6.8,165.0,120.0,3.2,1
Oppo A77 5G,4178100,76.0,6,128.0,5000,48.0,6.56,90.0,33.0,2.4,1
Realme 9 5G SE,3609810,80.0,6,128.0,5000,48.0,6.6,144.0,30.0,2.4,1
Samsung Galaxy A03,1377310,66.0,3,32.0,5000,48.0,6.5,,15.0,1.6,0
OnePlus Nord N200,3228100,75.0,4,64.0,5000,13.0,6.49,90.0,18.0,2.0,1
Xiaomi Mi 11X,4539100,80.0,6,128.0,4520,48.0,6.67,120.0,33.0,3.2,1
OPPO Reno 6,5012200,83.0,8,128.0,4300,64.0,6.43,90.0,65.0,2.0,1
Realme X50 Pro 5G (12GB RAM + 256GB),5319810,87.0,12,256.0,4200,64.0,6.44,90.0,65.0,2.84,1
Xiaomi Redmi 10A (6GB RAM + 128GB),2061500,70.0,6,128.0,5000,13.0,6.53,,,2.0,0
Redmi Note 12 Pro Speed Edition,3799810,81.0,6,128.0,5000,108.0,6.67,120.0,67.0,2.4,1
Apple iPhone 14 Pro (256GB),24698100,76.0,6,256.0,3200,48.0,6.1,120.0,,,1
Motorola Moto G72,3798100,81.0,6,128.0,5000,108.0,6.5,120.0,33.0,2.2,1
Honor 70 5G,7598100,88.0,12,512.0,4800,54.0,6.67,120.0,66.0,2.5,1
Vivo V23 Pro 5G (12GB RAM + 256GB),7028860,87.0,12,256.0,4300,108.0,6.56,90.0,44.0,3.0,1
OPPO A55 4G (6GB RAM + 128GB),2793000,76.0,6,128.0,5000,50.0,6.51,,18.0,2.3,0
Xiaomi Mi 11T Pro 5G,6648100,86.0,8,128.0,5000,108.0,6.67,120.0,120.0,2.84,1
Nokia X50 5G,6649810,76.0,6,64.0,6000,108.0,6.81,,33.0,,1
Xiaomi Redmi Note 10,2658100,75.0,4,64.0,5000,48.0,6.43,,33.0,2.2,0
Vertu Signature Touch,123500000,62.0,2,64.0,2275,13.0,4.7,,,1.5,0
Samsung Galaxy M32 Prime Edition (6GB RAM + 128GB),2823210,79.0,6,128.0,6000,64.0,6.4,90.0,15.0,2.0,0
Tecno Camon 19 Pro Mondrian Edition,3419810,84.0,8,128.0,5000,64.0,6.8,120.0,33.0,2.05,0
Poco F5,6648100,85.0,8,128.0,4700,64.0,6.7,120.0,67.0,3.2,1
BLU F91 5G,2848100,85.0,8,128.0,5000,48.0,6.8,,,2.4,1
OPPO A16e,1709810,65.0,3,32.0,4230,13.0,6.52,,,2.0,0
Motorola Moto E32,1709810,71.0,4,64.0,5000,50.0,6.5,90.0,10.0,2.3,0
Xiaomi Redmi Note 11S (8GB RAM + 128GB),3006560,84.0,8,128.0,5000,108.0,6.43,90.0,33.0,2.05,0
Samsung Galaxy A52 (8GB RAM + 128GB),4273860,86.0,8,128.0,4500,64.0,6.5,90.0,25.0,2.3,0
Poco X3 Pro,3733500,82.0,6,128.0,5160,48.0,6.67,120.0,33.0,2.96,0
Xiaomi Redmi 9A,1329810,61.0,2,32.0,5000,13.0,6.53,,,2.0,0
Samsung Galaxy A32,3134810,80.0,6,128.0,5000,64.0,6.4,90.0,15.0,2.0,0
Motorola Moto G13,3039810,75.0,4,128.0,5000,50.0,6.5,90.0,10.0,2.0,0
Asus ROG Phone 6 Batman Edition,13869810,88.0,16,256.0,6000,50.0,6.78,165.0,65.0,3.2,1
Xiaomi Redmi Note 12 Pro Plus (6GB RAM + 128GB),5129810,84.0,6,128.0,4980,200.0,6.67,120.0,120.0,2.6,1
Realme C35 (4GB RAM + 128GB),2429530,71.0,4,128.0,5000,50.0,6.6,90.0,18.0,1.8,0
Infinix Hot 12,1899810,72.0,4,64.0,6000,50.0,6.82,90.0,18.0,2.3,0
Vivo X80 5G,10449810,86.0,8,128.0,4500,50.0,6.78,120.0,80.0,3.05,1
Vivo Y53s,2943100,79.0,8,128.0,5000,64.0,6.58,,19.0,2.0,0
Tecno Phantom X,4939810,84.0,8,256.0,4700,50.0,6.7,90.0,33.0,2.05,0
Samsung Galaxy M04 (4GB RAM + 128GB),1804810,68.0,4,128.0,5000,13.0,6.5,,15.0,2.3,0
Redmi 12C,1519810,70.0,4,64.0,5000,50.0,6.71,,,2.0,0
Asus ZenFone 9,12158100,86.0,8,128.0,4300,50.0,5.9,120.0,30.0,3.2,1
Sony Xperia L5 5G,3038100,73.0,4,64.0,4000,13.0,6.2,,,2.3,0
iQOO 9 SE 5G (12GB RAM + 256GB),6640310,85.0,12,256.0,4500,48.0,6.62,120.0,66.0,2.84,1
Tecno Spark 8 Pro,1671810,72.0,4,64.0,5000,48.0,6.8,,33.0,2.0,0
Xiaomi Redmi 10 Prime,2354100,74.0,4,64.0,6000,50.0,6.5,90.0,18.0,2.0,0
Samsung Galaxy F22,2184810,73.0,4,64.0,6000,48.0,6.4,90.0,,2.0,0
OPPO Reno 10 Pro,8168100,86.0,16,256.0,5000,50.0,6.73,120.0,120.0,3.05,1
Nubia Z50,6649810,82.0,8,128.0,5000,64.0,6.67,144.0,80.0,3.2,1
Samsung Galaxy F13 (4GB RAM + 128GB),2279810,75.0,4,128.0,6000,50.0,6.6,,15.0,2.0,0
Nokia G11 Plus,1994810,70.0,4,64.0,5000,50.0,6.52,90.0,10.0,1.6,0
Infinix Hot 12 Play,1692900,66.0,4,64.0,6000,13.0,6.82,90.0,18.0,1.82,0
Vivo T2 5G,4748100,85.0,8,128.0,4700,64.0,6.62,120.0,80.0,3.2,1
OPPO Reno7 Z 5G,3419810,84.0,8,128.0,4500,64.0,6.43,,33.0,2.2,1
Xiaomi Mi 11 Lite NE 5G (8GB RAM + 128GB),4369810,86.0,8,128.0,4250,64.0,6.55,90.0,33.0,2.4,1
Infinix Zero X Pro,4178100,85.0,8,128.0,4500,108.0,6.67,120.0,45.0,2.05,1
Samsung Galaxy M32,2349160,76.0,4,64.0,6000,64.0,6.4,90.0,15.0,2.0,0
Samsung Galaxy A82 5G,7598100,86.0,6,128.0,4500,64.0,6.71,120.0,25.0,2.96,1
Xiaomi Poco F1,2279810,77.0,6,64.0,4000,12.0,6.18,,,2.8,0
Lyf Earth 1,758100,60.0,3,32.0,3500,13.0,5.5,,,1.5,0
Motorola Moto E13,1994810,65.0,2,64.0,5000,13.0,6.5,,10.0,2.0,0
Samsung Galaxy F63,4179810,84.0,6,128.0,7000,64.0,6.7,,33.0,2.0,1
iQOO Z6 4G (6GB RAM + 128GB),3039810,80.0,6,128.0,5000,50.0,6.44,120.0,44.0,2.4,0
Sony Xperia 5 II,13298100,86.0,8,128.0,4000,12.0,6.1,120.0,21.0,2.84,1
Vivo Y3 (4GB RAM + 128GB),2468100,71.0,4,128.0,5000,13.0,6.35,,,2.3,0
Tecno Pova 4 Pro,3039810,74.0,8,256.0,6000,50.0,6.66,90.0,45.0,2.2,0
Huawei Nova 10 SE,4559810,84.0,8,256.0,4500,108.0,6.67,90.0,66.0,2.4,0
Vivo T1x (4GB RAM + 128GB),2469810,75.0,4,128.0,5000,50.0,6.58,90.0,18.0,2.4,0
Nubia Red Magic 7S Pro,11588100,86.0,12,256.0,5000,64.0,6.8,120.0,135.0,3.2,1
Motorola Moto E32s (4GB RAM + 64GB),1683210,67.0,4,64.0,5000,16.0,6.5,90.0,18.0,1.8,0
iQOO Neo 6 5G (12GB RAM + 256GB),6412310,84.0,12,256.0,4700,64.0,6.62,120.0,80.0,3.2,1
Samsung Galaxy A15,3038100,63.0,6,64.0,5000,48.0,6.5,,,,0
POCO X4 GT 5G,4748100,84.0,8,128.0,5080,64.0,6.6,144.0,67.0,2.85,1
Realme Narzo 50 5G (4GB RAM + 128GB),2849810,76.0,4,128.0,5000,48.0,6.6,90.0,33.0,2.4,1
Vivo Y77 5G,3418100,76.0,6,128.0,4500,50.0,6.64,120.0,80.0,2.2,1
Honor 60 SE 5G,4748100,75.0,8,128.0,4300,64.0,6.67,120.0,66.0,2.0,1
Xiaomi Redmi 11 Prime,2204000,74.0,4,64.0,5000,50.0,6.58,90.0,18.0,2.2,0
Realme C31,1576810,62.0,3,32.0,5000,13.0,6.52,,,1.82,0
Motorola Moto G31 (6GB RAM+ 128GB),2279810,78.0,6,128.0,5000,50.0,6.47,,20.0,2.0,0
OnePlus 6 (8GB RAM + 128GB),5319810,77.0,8,128.0,3300,20.0,6.28,,,2.8,0
Google Pixel 2 XL,3038100,69.0,4,128.0,3520,12.0,6.0,,,2.35,0
Xiaomi Redmi A1 Plus,1384910,60.0,2,32.0,5000,8.0,6.52,,10.0,2.0,0
Honor 70 5G (8GB RAM + 256GB),5888100,86.0,8,256.0,4800,54.0,6.67,120.0,66.0,2.5,1
Realme Narzo 50 (6GB RAM + 128GB),2944810,77.0,6,128.0,5000,50.0,6.6,120.0,33.0,2.0,0
Vivo Y15s,1614810,66.0,3,32.0,5000,13.0,6.51,,,2.3,0
Samsung Galaxy M32 (6GB RAM + 128GB),2753100,80.0,6,128.0,6000,64.0,6.4,90.0,15.0,2.0,0
Samsung Galaxy F42 5G,2943100,80.0,6,128.0,5000,64.0,6.6,90.0,15.0,2.2,1
Realme Q5 5G,2848100,78.0,6,128.0,5000,50.0,6.6,120.0,60.0,2.2,1
POCO M3 Pro 5G,3039810,75.0,4,64.0,5000,48.0,6.5,90.0,18.0,2.2,1
Google Pixel 5,6840000,82.0,8,128.0,4080,16.0,6.0,90.0,18.0,2.4,1
Xiaomi Redmi Note 12 Discovery Edition,5128100,86.0,8,256.0,4300,200.0,6.67,120.0,210.0,2.6,1
Samsung Galaxy M13 (4GB RAM + 64GB),2019700,71.0,4,64.0,6000,50.0,6.6,,15.0,2.0,0
Oppo Reno 8 Pro (8GB RAM + 256GB),8168100,85.0,8,256.0,4500,50.0,6.7,120.0,80.0,2.85,1
Vivo Y78 5G,4748100,77.0,8,128.0,4500,50.0,6.58,90.0,,3.0,1
iQOO Z6 4G,2752910,77.0,4,128.0,5000,50.0,6.44,120.0,44.0,2.4,0
OPPO A76,3133100,73.0,6,128.0,5000,13.0,6.56,90.0,33.0,2.4,0
Realme 9 Pro Plus 5G (8GB RAM + 256GB),4653860,82.0,8,256.0,4500,50.0,6.4,90.0,60.0,2.5,1
Vivo Y01,1519810,61.0,2,32.0,5000,8.0,6.51,,,2.3,0
Motorola Moto Edge S30 5G,4558100,85.0,6,128.0,5000,108.0,6.8,144.0,33.0,2.9,1
Realme GT 2 Pro 5G,9492210,89.0,8,128.0,5000,50.0,6.7,120.0,65.0,3.0,1
Apple iPhone 13 Pro (256GB),24681000,83.0,6,256.0,3095,12.0,6.1,120.0,,3.22,1
Vivo Y73 2021,3798100,80.0,8,128.0,4000,64.0,6.44,,33.0,2.05,0
Samsung Galaxy F14,2848100,67.0,4,64.0,5000,50.0,6.62,,25.0,,0
Vivo V20,4421110,85.0,8,128.0,4000,64.0,6.44,,33.0,2.3,0
Xiaomi Redmi Note 9 Pro,2659810,75.0,4,64.0,5020,48.0,6.67,,18.0,2.3,0
OnePlus 10R Prime Edition,6723910,85.0,8,128.0,5000,50.0,6.7,120.0,80.0,2.85,1
Nokia C31,1804810,62.0,3,32.0,5050,13.0,6.74,,10.0,1.6,0
Infinix Hot 12 Pro (8GB RAM+ 128GB),2344600,76.0,8,128.0,5000,50.0,6.6,90.0,18.0,2.0,0
Poco M5,2051810,74.0,4,64.0,5000,50.0,6.58,90.0,18.0,2.2,0
Xiaomi Redmi 10C (4GB RAM + 128GB),2848100,73.0,4,128.0,6000,50.0,6.7,,18.0,2.4,0
ZTE Axon 40 Ultra 5G,11778100,89.0,8,128.0,5000,64.0,6.8,120.0,65.0,3.0,1
OPPO K10 (8GB RAM + 128GB),3228100,80.0,8,128.0,5000,50.0,6.59,90.0,33.0,2.4,0
Huawei Nova 9 SE,3798100,84.0,8,128.0,4000,108.0,6.78,90.0,66.0,2.4,0
Samsung Galaxy S22 5G (8GB RAM + 256GB),11019810,87.0,8,256.0,3700,50.0,6.1,120.0,25.0,3.0,1
Lenovo Legion Y90,8928100,87.0,12,256.0,5600,64.0,6.92,144.0,68.0,3.0,1
Vivo Y55 5G,3988100,77.0,4,128.0,5000,50.0,6.58,,18.0,2.2,1
Nokia X100 5G,3418100,82.0,6,128.0,4470,48.0,6.67,,18.0,2.0,1
Realme 8s 5G (8GB RAM + 128GB),3324810,82.0,8,128.0,5000,64.0,6.5,90.0,33.0,2.4,1
Realme 8s 5G,3419810,80.0,6,128.0,5000,64.0,6.5,90.0,33.0,2.4,1
Poco X5,2849810,74.0,4,128.0,5000,48.0,6.67,120.0,33.0,2.2,1
Xiaomi Redmi Note 10 Pro Max (6GB RAM + 128GB),3796200,82.0,6,128.0,5020,108.0,6.67,120.0,33.0,2.3,0
iQOO 7 (12GB RAM + 256GB),6838100,85.0,12,256.0,4400,48.0,6.62,120.0,66.0,3.2,1
Realme 8,3039810,78.0,4,128.0,5000,64.0,6.4,,30.0,2.0,0
Samsung Galaxy S20,7979810,88.0,8,128.0,4000,64.0,6.2,120.0,25.0,2.73,0
Xiaomi Redmi K60E,4939810,83.0,8,128.0,5500,48.0,6.67,120.0,67.0,3.1,1
Motorola Moto E32s,1518100,65.0,3,32.0,5000,16.0,6.5,90.0,18.0,1.8,0
OnePlus Nord 3T 5G,5698100,84.0,8,128.0,4500,50.0,6.43,90.0,80.0,3.0,1
OPPO F23 Pro Plus 5G,5318100,83.0,8,128.0,4500,50.0,6.43,90.0,65.0,2.36,1
Poco F5 Pro,5699810,84.0,8,128.0,5500,64.0,6.67,120.0,67.0,3.2,1
OPPO A16e (4GB RAM + 64GB),1709810,68.0,4,64.0,4230,13.0,6.52,,,2.0,0
POCO M4 Pro 4G (8GB RAM + 128GB),2659810,81.0,8,128.0,5000,64.0,6.43,90.0,33.0,2.05,0
Realme Narzo 50A,2184810,71.0,4,64.0,6000,50.0,6.5,,18.0,2.0,0
Asus ROG Phone 5s 5G,7599810,87.0,8,128.0,6000,64.0,6.78,144.0,65.0,2.9,1
Realme GT Master Edition 5G,5319810,84.0,8,128.0,4300,64.0,6.43,120.0,65.0,2.4,1
Samsung Galaxy A32 5G,4654810,79.0,6,128.0,5000,48.0,6.5,90.0,15.0,2.0,1
Nubia Red Magic 8 Pro Plus,11589810,86.0,12,256.0,5000,50.0,6.8,120.0,165.0,3.2,1
Xiaomi Redmi Note 9 Pro Max,3133100,80.0,6,64.0,5020,64.0,6.67,,33.0,2.3,0
Samsung Galaxy A52,4748100,83.0,6,128.0,4500,64.0,6.5,90.0,25.0,2.3,0
Samsung Galaxy A04e (3GB RAM + 64GB),1890500,66.0,3,64.0,5000,13.0,6.5,,,2.3,0
Oppo A56s,2469810,75.0,8,128.0,5000,13.0,6.56,,,2.4,1
Oppo Reno 8T 4G,3799810,83.0,8,256.0,5000,50.0,6.67,120.0,66.0,2.2,0
OPPO Reno 10,6269810,84.0,8,256.0,5000,50.0,6.73,120.0,120.0,2.5,1
Nokia G60,5414620,81.0,6,128.0,4500,50.0,6.58,120.0,20.0,2.2,1
OPPO A77 (4GB RAM + 128 GB),3039620,71.0,4,128.0,5000,50.0,6.56,,33.0,2.3,0
Motorola Edge 40 Pro 5G,11398100,89.0,8,128.0,4800,50.0,6.7,165.0,125.0,3.2,1
Oppo K10x 5G,3228100,78.0,6,128.0,5000,64.0,6.59,120.0,67.0,2.2,1
iQOO Z6 Pro 5G (12GB RAM + 256GB),5319810,82.0,12,256.0,4700,64.0,6.44,90.0,66.0,2.4,1
Nokia G21 (6GB RAM + 128GB),2564810,75.0,6,128.0,5050,50.0,6.5,90.0,18.0,1.6,0
Samsung Galaxy A13 (6GB RAM + 128GB),3134810,78.0,6,128.0,5000,50.0,6.6,,25.0,2.0,0
OPPO A16K (4GB RAM + 64GB),2089810,66.0,4,64.0,4230,13.0,6.52,,,2.3,0
Xiaomi Redmi 10C,2658100,71.0,4,64.0,6000,50.0,6.7,,18.0,2.4,0
Tecno Spark 9 Pro,1899810,74.0,4,64.0,5000,48.0,6.6,90.0,18.0,2.0,0
Realme GT Neo 3 5G,6078860,83.0,8,128.0,5000,50.0,6.7,120.0,80.0,2.85,1
Xiaomi 11i HyperCharge 5G,4715800,83.0,6,128.0,4500,108.0,6.67,120.0,120.0,2.5,1
iQOO Neo 6 SE 5G,4368100,83.0,8,128.0,4700,64.0,6.62,120.0,80.0,3.2,1
iQOO 9 Pro 5G,11398100,88.0,8,256.0,4700,50.0,6.78,120.0,120.0,3.0,1
Realme Narzo 50i (4GB RAM + 64GB),1709810,62.0,4,64.0,5000,8.0,6.5,,,1.6,0
Xiaomi Redmi 9 Activ (6GB RAM + 128GB),1994810,72.0,6,128.0,5000,13.0,6.53,,,2.3,0
Xiaomi Redmi Note 8 2021,1898100,75.0,4,64.0,4000,48.0,6.3,,18.0,2.0,0
Xiaomi Redmi Note 10 5G,2373100,76.0,4,128.0,5000,48.0,6.5,90.0,18.0,2.2,1
Vivo Y20G,2658100,69.0,4,64.0,5000,13.0,6.51,,18.0,2.0,0
Samsung Galaxy A22 5G,3418100,79.0,6,128.0,5000,48.0,6.6,90.0,15.0,2.2,1
Vivo V21,4749810,83.0,8,128.0,4000,64.0,6.44,90.0,33.0,2.4,0
Realme 7 Pro (8GB RAM + 128GB),4179810,85.0,8,128.0,4500,64.0,6.4,,65.0,2.3,0
OnePlus Nord Lite,3799810,77.0,8,128.0,4300,48.0,6.55,90.0,30.0,2.0,0
Apple iPhone 11 Pro Max,20881000,77.0,4,64.0,3500,12.0,6.5,,18.0,2.65,0
Sony Xperia Ace IV,3798100,80.0,8,128.0,5000,50.0,6.5,120.0,33.0,2.0,0
Samsung Galaxy A04e (4GB RAM + 128GB),2184810,69.0,4,128.0,5000,13.0,6.5,,,2.3,0
Xiaomi Redmi Note 12 4G,2659810,75.0,4,64.0,5000,48.0,6.67,120.0,33.0,2.2,0
Vivo V28,5508100,84.0,8,256.0,5000,108.0,6.7,120.0,80.0,2.2,1
Poco F4 5G (8GB RAM + 128GB),5319810,85.0,8,128.0,4500,64.0,6.67,120.0,67.0,3.2,1
Xiaomi Redmi Note 11T Pro 5G,3798100,82.0,6,128.0,5080,64.0,6.6,144.0,67.0,2.85,1
Realme Narzo 50 Pro 5G (8GB RAM + 128GB),4369810,83.0,8,128.0,5000,48.0,6.4,90.0,33.0,2.5,1
Vivo T1 44W (8GB RAM + 128GB),3419810,82.0,8,128.0,5000,50.0,6.44,,44.0,2.4,0
Xiaomi Redmi Note 11S (6GB RAM + 128GB),2944810,81.0,6,128.0,5000,108.0,6.43,90.0,33.0,2.05,0
Lava Agni 5G,3418100,84.0,8,128.0,5000,64.0,6.78,90.0,30.0,2.4,1
Realme 8i (6GB RAM + 128GB),2659810,77.0,6,128.0,5000,50.0,6.6,120.0,18.0,2.05,0
OPPO A55 4G,2564810,73.0,4,64.0,5000,50.0,6.51,,18.0,2.3,0
POCO M3 Pro 5G (6GB RAM + 128GB),2811810,79.0,6,128.0,5000,48.0,6.5,90.0,18.0,2.2,1
Realme C21Y,1329810,62.0,3,32.0,5000,13.0,6.5,,,1.8,0
OPPO A16,2279810,69.0,4,64.0,5000,13.0,6.52,,,2.3,0
Vivo V21 5G,4558860,85.0,8,128.0,4000,64.0,6.44,90.0,33.0,2.4,1
Sony Xperia 1 II,13299810,89.0,8,256.0,4000,12.0,6.5,,21.0,2.84,1
Motorola Edge Plus,11019810,89.0,12,256.0,5000,108.0,6.7,90.0,18.0,2.84,1
Samsung Galaxy Note 20,16340000,87.0,8,256.0,4300,64.0,6.7,,25.0,2.73,0
Samsung Galaxy A12,2279810,71.0,4,64.0,5000,48.0,6.5,,15.0,2.3,0
Xiaomi Redmi Note 12 Pro 4G,2849810,77.0,6,128.0,5000,50.0,6.67,120.0,67.0,2.3,0
Realme GT Neo 3T (8GB RAM + 128GB),5034810,81.0,8,128.0,5000,64.0,6.62,120.0,80.0,3.2,1
Realme C30s (4GB RAM + 64GB),1708100,62.0,4,64.0,5000,8.0,6.5,,10.0,1.6,0
Apple iPhone 14 (512GB),18239810,82.0,6,512.0,3279,12.0,6.1,,,3.22,1
iQOO 9T 5G,9118100,85.0,8,128.0,4700,50.0,6.78,120.0,120.0,3.2,1
Tecno Camon 19 Pro,3418100,81.0,8,128.0,5000,64.0,6.8,120.0,33.0,2.05,0
OnePlus Nord 2 Lite 5G,4369810,83.0,8,128.0,5000,64.0,6.59,120.0,33.0,2.2,1
POCO F4 GT 5G,7599810,86.0,8,128.0,4700,64.0,6.67,120.0,120.0,3.0,1
Xiaomi 11T Pro 5G (12GB RAM + 256GB),7409810,88.0,12,256.0,5000,108.0,6.67,120.0,120.0,2.84,1
Vivo Y10,2373100,63.0,4,128.0,5000,13.0,6.51,,,2.3,0
Samsung Galaxy A83 5G,7598100,86.0,6,128.0,4500,64.0,6.71,120.0,25.0,3.2,1
Vivo Y33s,3170150,80.0,8,128.0,5000,50.0,6.58,,18.0,2.0,0
Micromax IN 2B,1329810,66.0,4,64.0,5000,13.0,6.52,,,1.8,0
Asus ROG Phone 6,13679810,86.0,12,256.0,6000,50.0,6.78,165.0,65.0,3.2,1
Realme X7 Max,5129810,84.0,8,128.0,4500,64.0,6.43,120.0,50.0,3.0,1
Realme 8 5G,3134810,75.0,4,128.0,5000,48.0,6.5,90.0,18.0,2.2,1
OPPO A55 5G,3418100,74.0,6,128.0,5000,13.0,6.5,,,2.2,1
Xiaomi Redmi 9,1709810,68.0,4,64.0,5000,13.0,6.53,,,2.3,0
Apple iPhone SE 2020,7581000,63.0,3,64.0,1821,12.0,4.7,,18.0,2.65,0
Letv Y1 Pro Plus,1139810,60.0,6,64.0,4000,8.0,6.5,,10.0,1.8,0
OnePlus Nord 5,6649810,76.0,8,128.0,5000,64.0,6.57,120.0,120.0,,1
Vivo Y73T,3228100,77.0,8,128.0,6000,50.0,6.58,,44.0,2.0,1
OPPO Reno 9 Z,4368100,84.0,8,128.0,4800,50.0,6.58,120.0,33.0,2.2,1
Vivo V25e,3798100,84.0,8,256.0,4500,64.0,6.44,90.0,44.0,2.2,0
Infinix Hot 12 Pro,2061500,74.0,6,64.0,5000,50.0,6.6,90.0,18.0,2.0,0
Realme Narzo 50 5G (4GB RAM + 64GB),2564810,75.0,4,64.0,5000,48.0,6.6,90.0,33.0,2.4,1
itel Vision 3,1272810,61.0,3,64.0,5000,8.0,6.6,,18.0,1.6,0
OPPO A96 4G,3419810,80.0,8,128.0,5000,50.0,6.59,90.0,33.0,2.4,0
Xiaomi Redmi Note 11E 5G,2658100,69.0,4,128.0,5000,50.0,6.58,90.0,18.0,2.2,1
Tecno Spark 9T,1703920,72.0,4,64.0,5000,50.0,6.6,,18.0,2.3,0
Infinix Smart 6,1390800,60.0,2,64.0,5000,8.0,6.6,,,2.0,0
Realme C25Y (4GB RAM + 64GB),1709810,69.0,4,64.0,5000,50.0,6.5,,18.0,1.8,0
Samsung Galaxy A12 (6GB RAM + 128GB),2659810,75.0,6,128.0,5000,48.0,6.5,,15.0,2.3,0
Tecno Camon 19,2801740,79.0,6,128.0,5000,64.0,6.8,,18.0,2.0,0
Xiaomi Redmi Note 10 Pro 5G,3229810,83.0,6,128.0,5000,64.0,6.6,120.0,67.0,2.6,1
Xiaomi Mi 11X 5G (8GB RAM + 128GB),4938100,83.0,8,128.0,4520,48.0,6.67,120.0,33.0,3.2,1
Xiaomi Redmi Note 10 (6GB RAM + 128GB),3134810,78.0,6,128.0,5000,48.0,6.43,,33.0,2.2,0
Xiaomi Redmi Note 10 Pro Max,3799810,81.0,6,64.0,5020,108.0,6.67,120.0,33.0,2.3,0
Xiaomi Mi 10T 5G,4465000,80.0,6,128.0,5000,64.0,6.67,144.0,33.0,2.84,1
LG Velvet 5G,10449810,85.0,6,128.0,4300,48.0,6.8,,25.0,2.4,1
Motorola One Fusion Plus,3704810,80.0,6,128.0,5000,64.0,6.5,,18.0,2.2,0
Samsung Galaxy Note 10 Lite,7599810,83.0,6,128.0,4500,12.0,6.7,,25.0,2.7,0
Samsung Galaxy Note 10 Plus 5G,17669810,89.0,12,256.0,4300,12.0,6.8,,,2.7,1
iQOO Neo 7 Racing Edition,6268100,84.0,8,256.0,5000,50.0,6.78,120.0,120.0,3.2,1
Samsung Galaxy A04s (4GB RAM + 128GB),2754810,72.0,4,128.0,5000,50.0,6.5,90.0,15.0,2.0,0
Vivo Y35 5G,2659810,70.0,4,128.0,5000,13.0,6.51,,15.0,2.2,1
Xiaomi Redmi Note 11R,2468100,73.0,4,128.0,5000,13.0,6.58,90.0,18.0,2.2,1
Poco M6 Pro,3798100,84.0,8,128.0,5100,108.0,6.73,120.0,120.0,2.5,1
OPPO A97 5G,4558100,79.0,12,256.0,5000,48.0,6.56,90.0,33.0,2.4,1
Samsung Galaxy A24,3419810,77.0,6,64.0,4000,48.0,6.4,,15.0,1.8,0
Infinix Note 13 Pro,3229810,80.0,6,128.0,5000,108.0,6.91,,120.0,2.2,0
Honor Play 30,1899810,68.0,4,128.0,5000,13.0,6.5,,,2.2,1
Infinix Smart 6 Plus,1576810,63.0,3,64.0,5000,8.0,6.82,,,2.0,0
Sony Xperia 5 IV 5G,15617810,89.0,8,256.0,5000,12.0,6.1,120.0,30.0,3.0,1
Nubia Z40 Pro 5G,9498100,84.0,8,128.0,5000,64.0,6.67,144.0,80.0,3.0,1
Nokia G21,2279810,71.0,4,64.0,5050,50.0,6.5,90.0,18.0,1.6,0
Xiaomi 12 Lite 5G,5698100,82.0,6,128.0,4300,108.0,6.55,120.0,67.0,2.4,1
Apple iPhone 13 Pro Max (256GB),26581000,84.0,6,256.0,4352,12.0,6.7,120.0,,3.22,1
Vivo Y21s,2848100,74.0,4,128.0,5000,50.0,6.51,,18.0,2.0,0
OPPO F19s,3037720,79.0,6,128.0,5000,48.0,6.43,,33.0,2.0,0
Samsung Galaxy M21 2021,2227750,76.0,4,64.0,6000,48.0,6.4,,15.0,2.3,0
OPPO F19 Pro,3418860,80.0,8,128.0,4310,48.0,6.43,,30.0,2.2,0
OnePlus Nord N10,4863050,81.0,6,128.0,4300,64.0,6.49,90.0,30.0,2.0,1
Gionee M12 Pro,1424810,67.0,6,128.0,4000,16.0,6.2,,,1.99,0
Poco M2,2069100,74.0,6,64.0,5000,13.0,6.53,,18.0,2.0,0
OPPO F17 Pro,3608100,83.0,8,128.0,4015,48.0,6.43,,30.0,2.2,0
Motorola Moto G 5G,3798100,82.0,6,128.0,5000,48.0,6.67,,20.0,2.2,1
Samsung Galaxy A50s,3038100,80.0,4,128.0,4000,48.0,6.4,,15.0,2.3,0
Samsung Galaxy Note 10 Plus,11209810,89.0,12,256.0,4300,12.0,6.8,,45.0,2.73,0
Vivo Y15,2375000,71.0,4,64.0,5000,13.0,6.35,,,2.0,0
Vivo S1 Pro,5699810,82.0,8,128.0,4500,48.0,6.38,,18.0,2.0,0
Vivo T3 Pro,6078100,86.0,8,256.0,4700,64.0,6.67,120.0,80.0,2.7,1
Vivo V21s,5699810,86.0,8,128.0,4000,64.0,6.44,90.0,33.0,2.4,1
Motorola Moto Edge 30 Neo,6078100,84.0,8,128.0,4020,64.0,6.28,120.0,68.0,2.2,1
Xiaomi 12T,9308100,87.0,8,128.0,5000,108.0,6.67,120.0,120.0,2.85,1
Huawei Mate 50 Pro 5G,18998100,85.0,8,256.0,4500,64.0,6.76,120.0,66.0,3.13,1
Realme C32,1804810,65.0,4,64.0,5000,13.0,6.52,,,1.82,0
iQOO Z7 Pro 5G,4749810,80.0,6,128.0,5000,50.0,6.62,144.0,67.0,2.36,1
Apple iPhone 15,15768100,72.0,6,128.0,3285,50.0,6.06,,,,0
Infinix Note 11S (8GB RAM + 128GB),3039810,79.0,8,128.0,5000,50.0,6.95,120.0,33.0,2.05,0
Tecno Spark 8 (4GB RAM + 64GB),1709810,64.0,4,64.0,5000,16.0,6.52,,,1.8,0
Oppo A56 5G,3418100,73.0,6,128.0,5000,13.0,6.5,,,2.2,1
Xiaomi Redmi 10 Prime (6GB RAM + 128GB),2469810,77.0,6,128.0,6000,50.0,6.5,90.0,18.0,2.0,0
Huawei Nova 9,5698100,83.0,8,128.0,4300,50.0,6.57,120.0,66.0,2.4,0
Xiaomi Redmi K50 5G,5318100,83.0,8,128.0,5500,48.0,6.67,120.0,67.0,2.85,1
Realme Q3,2849810,80.0,6,128.0,5000,48.0,6.5,120.0,30.0,2.2,1
OPPO Reno 6 Pro Plus 5G,8548100,87.0,8,128.0,4500,50.0,6.55,90.0,65.0,3.2,1
Motorola Edge S,4273100,87.0,6,128.0,5000,64.0,6.7,90.0,20.0,3.2,1
Poco M3,2184810,75.0,6,64.0,6000,48.0,6.53,,18.0,2.0,0
Vivo V20 Pro,5130000,84.0,8,128.0,4000,64.0,6.44,,33.0,2.4,1
Xiaomi Mi 10T Pro 5G,5699810,86.0,8,128.0,5000,108.0,6.67,144.0,33.0,2.84,1
Vivo V19 (8GB RAM + 256GB),5318100,84.0,8,256.0,4500,48.0,6.44,,33.0,2.3,0
Samsung Galaxy S20 5G,14249810,89.0,8,128.0,4000,64.0,6.2,,25.0,2.73,1
Vivo U3,1898100,72.0,4,64.0,5000,16.0,6.53,,18.0,2.0,0
Oppo K5 (8GB RAM + 128GB),3798100,82.0,8,128.0,4000,64.0,6.4,,30.0,2.2,0
Realme XT,2523010,75.0,4,64.0,4000,64.0,6.4,,20.0,2.3,0
Vivo Y12 (3GB RAM + 64GB),2090000,68.0,3,64.0,5000,13.0,6.35,,,2.0,0
Xiaomi Poco F1 (6GB RAM + 128GB),2469810,78.0,6,128.0,4000,12.0,6.18,,,2.8,0
Poco C50 (3GB RAM + 32GB),1386810,61.0,3,32.0,5000,8.0,6.52,,10.0,2.0,0
iKall Z19,1519810,61.0,4,32.0,5000,20.0,6.5,,,1.6,0
Xiaomi Redmi K60 Gaming Edition,10448100,86.0,8,128.0,5000,50.0,6.73,120.0,67.0,3.2,1
Vivo S17 Pro,9498100,77.0,12,256.0,5000,50.0,6.67,120.0,120.0,,1
Tecno Pova Neo 5G,2944810,71.0,4,128.0,6000,50.0,6.8,120.0,18.0,2.4,0
Apple iPhone 14 Pro Max (512GB),32281000,78.0,6,512.0,4323,48.0,6.7,120.0,,,1
Google Pixel 8,10258100,75.0,8,128.0,4830,50.0,6.6,120.0,67.0,,1
Vivo T2x 5G,3608100,80.0,8,128.0,6000,50.0,6.58,120.0,44.0,3.0,1
Motorola Moto G52 5G,3229810,76.0,4,64.0,5000,50.0,6.6,90.0,33.0,2.2,1
Motorola Edge 40 5G,6649810,86.0,8,128.0,4200,50.0,6.5,144.0,67.0,2.36,1
Realme GT 2 Pro 5G (12GB RAM + 256GB),8929810,89.0,12,256.0,5000,50.0,6.7,120.0,65.0,3.0,1
Vivo Y15C,1614810,66.0,3,32.0,5000,13.0,6.51,,,2.3,0
Honor X8,3229810,76.0,6,128.0,4000,64.0,6.7,90.0,5.0,2.4,0
Samsung Galaxy A03 (4GB RAM + 64GB),2184810,69.0,4,64.0,5000,48.0,6.5,,15.0,1.6,0
Samsung Galaxy S22 Plus 5G (8GB RAM + 256GB),16909810,88.0,8,256.0,4500,50.0,6.6,120.0,45.0,3.0,1
Vivo Y33T,3038100,81.0,8,128.0,5000,50.0,6.58,90.0,18.0,2.4,0
Xiaomi 11i 5G (8GB RAM + 128GB),4748100,83.0,8,128.0,5160,108.0,6.67,120.0,67.0,2.5,1
Tecno Spark Go 2022,1187310,61.0,2,32.0,5000,13.0,6.51,,,2.2,0
Vivo Y21e,2374810,69.0,3,64.0,5000,13.0,6.51,,18.0,2.4,0
Xiaomi Redmi 9A Sport,1234810,61.0,2,32.0,5000,13.0,6.53,,,2.0,0
Apple iPhone 13 Pro Max (1TB),34181000,86.0,6,1.0,4352,12.0,6.7,120.0,,3.22,1
Vivo Y12G (3GB RAM + 64GB),2278100,68.0,3,64.0,5000,13.0,6.51,,,2.0,0
Vivo V23e,5128100,82.0,8,128.0,4050,64.0,6.44,,44.0,2.05,0
Samsung Galaxy F22 (6GB RAM + 128GB),2564810,76.0,6,128.0,6000,48.0,6.4,90.0,,2.0,0
Micromax IN 2C,1139810,60.0,3,32.0,5000,8.0,6.52,,,1.8,0
Samsung Galaxy A03s,1614810,67.0,3,32.0,5000,13.0,6.5,,15.0,2.3,0
OPPO A54 (4GB RAM + 128GB),2278100,71.0,4,128.0,5000,13.0,6.51,,,2.3,0
Xiaomi Redmi 20X,2088100,77.0,4,128.0,5000,48.0,6.43,90.0,18.0,2.2,1
Realme Narzo 30 5G,3229810,80.0,6,128.0,5000,48.0,6.5,90.0,18.0,2.2,1
OPPO A54,2317810,70.0,4,64.0,5000,13.0,6.51,,,2.3,0
Oppo A15s (4GB RAM + 128GB),2183100,72.0,4,128.0,4230,13.0,6.52,,,2.3,0
Xiaomi Redmi 9 Power,2184810,74.0,4,64.0,6000,48.0,6.53,,18.0,2.0,0
Samsung Galaxy S21 Plus,11295500,88.0,8,128.0,4800,64.0,6.7,120.0,25.0,2.9,1
POCO M2 Pro,2431810,76.0,4,64.0,5000,48.0,6.67,,33.0,2.3,0
Samsung Galaxy S20 Plus,15770000,88.0,8,128.0,4500,64.0,6.7,120.0,25.0,2.73,0
Realme 6 Pro,2753100,80.0,6,64.0,4300,64.0,6.6,90.0,30.0,2.3,0
Vivo Y11 (2019),1803100,64.0,3,32.0,5000,13.0,6.35,,,2.0,0
Vivo V15 Pro (8GB RAM +128GB),4750000,78.0,8,128.0,3700,48.0,6.39,,,2.0,0
Vivo Y95,2850000,65.0,4,64.0,4030,13.0,6.22,,,1.95,0
Vivo V11i,3988100,70.0,4,128.0,3315,16.0,6.3,,,2.0,0
Samsung Galaxy S9 Plus (128GB),6649810,78.0,6,128.0,3500,12.0,6.2,,,2.8,0
Realme GT Neo 4T,5699810,80.0,8,128.0,5000,50.0,6.73,144.0,120.0,3.0,1
Vivo Y53t,2279810,67.0,4,128.0,6000,13.0,6.51,,15.0,2.0,1
Samsung Galaxy A04 (4GB RAM + 128GB),2469810,72.0,4,128.0,5000,50.0,6.5,,,2.3,0
Leitz Phone 2,23748100,89.0,12,256.0,5000,47.0,6.6,240.0,,3.0,1
Xiaomi Redmi K60i,5509810,85.0,8,128.0,5080,50.0,6.67,120.0,120.0,3.1,1
Infinix Hot 20S,2469810,77.0,8,128.0,5000,50.0,6.78,,18.0,2.05,0
Realme GT Neo 3T (8GB RAM + 256GB),5414810,82.0,8,256.0,5000,64.0,6.62,120.0,80.0,3.2,1
Apple iPhone 14 Plus (512GB),19949810,83.0,6,512.0,4325,12.0,6.7,,,3.22,1
Apple iPhone 14 Pro (1TB),32869810,77.0,6,1.0,3200,48.0,6.1,120.0,,,1
Xiaomi Redmi 13 Prime 5G,3418100,79.0,6,128.0,5100,64.0,6.73,120.0,18.0,2.0,1
Xiaomi Redmi 11 Prime (6GB RAM + 128GB),2617060,76.0,6,128.0,5000,50.0,6.58,90.0,18.0,2.2,0
Nokia C21 Plus (4GB RAM + 64GB),1709810,64.0,4,64.0,5050,13.0,6.52,,,1.6,0
OnePlus Nord N300,3608100,75.0,4,64.0,5000,48.0,6.56,90.0,33.0,2.4,1
Tecno Camon 19 Neo,2849810,77.0,6,128.0,5000,48.0,6.8,90.0,18.0,2.0,0
Realme Narzo 50i Prime,1519810,61.0,3,32.0,5000,8.0,6.5,,10.0,1.82,0
Xiaomi Redmi K50 Ultra 5G,7599810,85.0,8,128.0,5000,108.0,6.67,144.0,120.0,3.2,1
OPPO A57 4G,2278100,67.0,3,64.0,5000,13.0,6.56,,33.0,2.3,0
Infinix Note 12 (6GB RAM + 128GB),2469810,77.0,6,128.0,5000,50.0,6.7,,33.0,2.0,0
Samsung Galaxy S23 FE 5G,10449810,77.0,8,128.0,4500,64.0,6.5,,,,1
Samsung Galaxy M51s 5G,4748100,72.0,6,128.0,6000,64.0,6.7,,,,1
Vivo X80 5G (12GB RAM + 256GB),11399810,88.0,12,256.0,4500,50.0,6.78,120.0,80.0,3.05,1
Poco X6 Pro 5G,3799810,72.0,6,128.0,5000,64.0,6.67,120.0,,,1
Infinix Note 12 (G96),3229810,79.0,8,128.0,5000,50.0,6.7,,33.0,2.05,0
Samsung Galaxy M14,2849810,60.0,4,64.0,6000,48.0,6.5,,,,0
Vivo T2 Pro 5G,5698100,76.0,8,128.0,4500,50.0,6.44,90.0,67.0,,1
Xiaomi Redmi 10 Prime Plus 5G,2658100,69.0,4,128.0,5000,50.0,6.58,90.0,18.0,2.2,1
Xiaomi Redmi Note 11 Pro 4G,3419810,81.0,6,128.0,5000,108.0,6.67,120.0,67.0,2.05,0
Realme Narzo 50A Prime,2165810,73.0,4,64.0,5000,50.0,6.6,,18.0,1.82,0
Vivo Y55s 5G,3798100,79.0,8,128.0,6000,50.0,6.58,,18.0,2.2,1
Vivo Y21T,2944810,74.0,4,128.0,5000,50.0,6.51,90.0,18.0,2.4,0
Xiaomi Redmi Note 10 Lite (4GB RAM + 128GB),2374810,77.0,4,128.0,5020,48.0,6.67,,18.0,2.3,0
Apple iPhone 13 (512GB),17479810,80.0,4,512.0,3240,12.0,6.1,,,3.22,1
Infinix Hot 11S,1841100,71.0,4,64.0,5000,50.0,6.78,90.0,,2.0,0
Realme GT Explorer Master Edition,6268100,85.0,8,128.0,4500,50.0,6.55,120.0,65.0,3.2,1
Xiaomi Mi 12 5G,8168100,87.0,8,128.0,4500,50.0,6.28,120.0,67.0,3.0,1
Xiaomi Mi 11 Lite (8GB RAM + 128GB),3552810,82.0,8,128.0,4250,64.0,6.55,90.0,33.0,2.3,0
Realme Q3i 5G,2088100,76.0,4,128.0,5000,48.0,6.5,,18.0,2.2,1
Xiaomi Mi 11X Pro,5888100,85.0,8,128.0,4520,108.0,6.67,120.0,33.0,2.84,1
Lenovo Legion Pro 2,11399810,89.0,16,512.0,5000,64.0,6.5,144.0,120.0,2.84,1
Samsung Galaxy M62,4559810,83.0,6,128.0,7000,64.0,6.71,,,2.73,0
Realme Q2i,1899810,69.0,4,128.0,5000,13.0,6.5,,18.0,2.0,1
Xiaomi Redmi 9i (4GB RAM + 128GB),1766810,67.0,4,128.0,5000,13.0,6.53,,10.0,2.0,0
Realme 6 (6GB RAM + 64GB),2467910,77.0,6,64.0,4300,64.0,6.5,90.0,30.0,2.05,0
Oppo Reno 5,5698100,83.0,8,128.0,4300,64.0,6.43,,65.0,2.4,1
Oppo A31 2020 (6GB RAM + 128GB),2373100,72.0,6,128.0,4230,12.0,6.5,,,2.3,0
Sony Xperia 10 II,5319810,75.0,4,128.0,3600,12.0,6.0,90.0,18.0,2.0,0
Huawei Nova 7i,4178100,81.0,8,128.0,4200,48.0,6.4,,40.0,2.2,0
Vivo Y19,3800000,73.0,4,128.0,5000,16.0,6.53,,18.0,2.0,0
Vivo U3 (6GB RAM + 64GB),2278100,74.0,6,64.0,5000,16.0,6.53,,18.0,2.0,0
Xiaomi Redmi Note 9,2277910,75.0,4,64.0,5020,48.0,6.53,,5.0,2.0,0
Xiaomi Redmi 8 (4GB RAM + 64GB),2183100,66.0,4,64.0,5000,12.0,6.22,,18.0,2.0,0
Motorola One Macro,2183100,68.0,4,64.0,4000,13.0,6.2,,10.0,2.0,0
Google Pixel 3a XL,3039810,67.0,4,64.0,3700,12.0,6.0,,18.0,2.0,0
Samsung Galaxy A40,3418100,69.0,4,64.0,3100,16.0,5.9,,15.0,2.2,0
Samsung Galaxy S10 5G,15008100,86.0,8,256.0,4500,16.0,6.7,,25.0,2.7,1
Huawei Honor 9N,2080310,66.0,4,64.0,3000,13.0,5.84,,,2.36,0
Xiaomi Redmi Note 4,1957000,65.0,4,64.0,4100,13.0,5.5,,,2.0,0
Doogee V Max,8739810,88.0,12,256.0,22000,108.0,6.58,120.0,33.0,2.6,1
Huawei Nova Y61,4178100,63.0,4,64.0,5000,50.0,6.52,,5.0,,0
iQOO Z9,3798100,76.0,8,128.0,5000,64.0,6.67,120.0,45.0,,1
Vivo V29,6268100,84.0,8,256.0,5000,64.0,6.67,120.0,80.0,2.4,1
Poco M5 (6GB RAM + 128GB),2754810,77.0,6,128.0,5000,50.0,6.58,90.0,18.0,2.2,0
Nokia X30,7978100,85.0,6,128.0,4200,50.0,6.43,90.0,33.0,2.2,1
Tecno Pova Neo 2,2658100,67.0,6,128.0,7000,16.0,6.82,90.0,,2.0,0
Vivo Y15C (3GB RAM + 64GB),1993100,67.0,3,64.0,5000,13.0,6.51,,,2.3,0
Huawei Nova 10,5698100,82.0,8,128.0,4000,50.0,6.67,120.0,66.0,2.4,0
Huawei Nova Y90,4368100,82.0,8,128.0,5000,50.0,6.7,90.0,40.0,2.4,0
Samsung Galaxy A92 5G,9118100,80.0,8,128.0,5000,48.0,6.7,,,3.0,1
Infinix Note 12 VIP,3799810,84.0,8,128.0,4500,108.0,6.7,120.0,120.0,2.05,0
OnePlus Nord 4 5G,5699810,83.0,8,128.0,4500,50.0,6.43,120.0,80.0,2.36,1
Realme Narzo 50A Prime (4GB RAM + 128GB),2257010,74.0,4,128.0,5000,50.0,6.6,,18.0,1.82,0
OnePlus Ace 5G,5508100,84.0,8,128.0,4500,50.0,6.7,120.0,150.0,2.85,1
iQOO 9 5G (12GB RAM + 256GB),7598100,85.0,12,256.0,4350,48.0,6.56,120.0,120.0,2.9,1
Xiaomi Redmi Note 12T 5G,3039810,78.0,6,64.0,5000,64.0,6.52,90.0,33.0,2.0,1
Oppo A96 5G,4368100,82.0,8,256.0,4500,48.0,6.43,,33.0,2.2,1
Tecno Camon 18,2184810,75.0,4,128.0,5000,48.0,6.8,90.0,18.0,2.0,0
Tecno Phantom X Pro,4369810,84.0,8,256.0,5000,50.0,6.7,120.0,44.0,2.05,0
Tecno Spark 8T,1519810,70.0,4,64.0,5000,50.0,6.6,,,2.3,0
Realme GT Neo2 5G,6079810,82.0,8,128.0,5000,64.0,6.62,120.0,65.0,3.2,1
Sony Xperia 10 III Lite 5G,5888100,78.0,6,64.0,4500,12.0,6.0,,30.0,2.0,1
Realme G1,1519810,64.0,3,32.0,6000,13.0,6.52,,,2.3,0
Tecno Pova 2,2089810,74.0,4,64.0,7000,48.0,6.95,,18.0,2.0,0
Poco X4,2848100,79.0,6,128.0,5000,50.0,6.67,120.0,67.0,2.2,1
Motorola Moto G40 Fusion,2754810,77.0,4,64.0,6000,64.0,6.78,120.0,20.0,2.3,0
OnePlus 9T,8549810,86.0,8,128.0,4500,108.0,6.55,120.0,65.0,2.84,1
Realme 8 (8GB RAM + 128GB),3419810,83.0,8,128.0,5000,64.0,6.4,,30.0,2.0,0
Realme Narzo 30 Pro 5G (8GB RAM +128GB),3799810,83.0,8,128.0,5000,48.0,6.5,120.0,30.0,2.4,1
Oppo Reno 5 Pro 5G,7353000,84.0,8,128.0,4350,64.0,6.53,90.0,65.0,2.6,1
OnePlus Nord SE,3799810,73.0,4,64.0,4500,48.0,6.3,,65.0,2.0,0
Samsung Galaxy M12,2089810,72.0,4,64.0,6000,48.0,6.5,90.0,15.0,2.0,0
OnePlus Nord N100,3228100,68.0,4,64.0,5000,13.0,6.52,90.0,18.0,1.8,0
OPPO A15,1899810,66.0,3,32.0,4230,13.0,6.52,,,2.3,0
Xiaomi Redmi Note 9 Pro (4GB RAM + 128GB),2743410,77.0,4,128.0,5020,48.0,6.67,,18.0,2.3,0
Oppo A12,1898100,64.0,3,32.0,4230,13.0,6.22,,,1.8,0
Realme X50 Pro 5G (8GB RAM + 128GB),4749810,85.0,8,128.0,4200,64.0,6.44,90.0,65.0,2.84,1
Xiaomi Redmi K20 Pro Signature Edition,91200000,88.0,8,256.0,4000,48.0,6.39,,27.0,2.8,0
Xiaomi Redmi Note 8 Pro,3229810,78.0,6,64.0,4500,64.0,6.53,,18.0,2.05,0
OPPO A73,3038100,62.0,3,32.0,3200,13.0,6.0,,,2.5,0
Apple iPhone 15 Plus,16148100,75.0,8,128.0,4532,12.0,6.71,120.0,,,1
Vivo Y55s 2023,4179810,78.0,4,128.0,5000,50.0,6.58,,18.0,2.2,1
Lava Blaze NXT,1709810,66.0,4,64.0,5000,13.0,6.5,,,2.3,0
Tecno Camon 20 Premier,3989810,79.0,6,128.0,5000,50.0,6.83,120.0,33.0,2.2,1
OPPO Reno 8 House of Dragon Edition,6268100,84.0,8,128.0,4500,50.0,6.43,90.0,80.0,3.0,1
Motorola Moto E22s,1714180,70.0,4,64.0,5000,16.0,6.5,90.0,10.0,2.3,0
Xiaomi Redmi A1 Plus (3GB RAM + 32GB),1595810,61.0,3,32.0,5000,8.0,6.52,,10.0,2.0,0
Infinix Hot 20i,1899810,64.0,3,64.0,5000,13.0,6.6,,,2.0,0
Tecno Spark 9 (3GB RAM + 64GB),1594100,63.0,3,64.0,5000,13.0,6.6,90.0,,2.3,0
ZTE Axon 30S,3799810,82.0,6,128.0,4200,50.0,6.9,120.0,55.0,3.2,1
Honor X6,2659810,71.0,4,64.0,5000,50.0,6.5,,10.0,2.0,0
Xiaomi Civi 2,5699810,85.0,8,128.0,4500,50.0,6.55,120.0,67.0,2.4,1
TCL Ion X,1708100,60.0,3,32.0,3000,13.0,6.0,,10.0,2.0,0
Nothing Phone 1 Lite,4748100,80.0,6,128.0,5000,50.0,6.55,120.0,33.0,2.5,1
OnePlus Ace Pro,9118100,86.0,12,256.0,4800,50.0,6.7,120.0,150.0,3.2,1
Realme GT 2 Explorer Master Edition,7788100,86.0,8,128.0,5000,50.0,6.7,120.0,100.0,3.2,1
Samsung Galaxy M35,4369810,74.0,8,128.0,6000,64.0,6.5,,,,0
Samsung Galaxy A05,2468100,63.0,4,64.0,5000,48.0,6.5,,18.0,,0
Infinix Note 12 Turbo,2849810,79.0,8,128.0,5000,50.0,6.7,,33.0,2.0,0
POCO F5 GT 5G,8169810,86.0,8,128.0,4500,64.0,6.67,120.0,150.0,3.0,1
iQOO Z8 5G,2849810,78.0,4,128.0,5000,50.0,6.58,120.0,18.0,2.2,1
Vivo Y55 4G,4368100,83.0,8,128.0,5000,50.0,6.44,120.0,44.0,2.4,0
Oppo K10 Pro 5G,5698100,81.0,8,128.0,5000,50.0,6.62,120.0,80.0,2.84,1
Tecno Spark 8C,1405810,62.0,3,64.0,5000,13.0,6.6,90.0,,2.0,0
iQOO Z7 5G,3419810,80.0,8,128.0,4200,50.0,6.67,120.0,55.0,2.2,1
Infinix Note 11 (6GB RAM + 128GB),2431810,77.0,6,128.0,5000,50.0,6.7,,33.0,2.0,0
Xiaomi 11i HyperCharge 5G (8GB RAM + 128GB),5129810,86.0,8,128.0,4500,108.0,6.67,120.0,120.0,2.5,1
Samsung Galaxy F42 5G (8GB RAM + 128GB),4369810,82.0,8,128.0,5000,64.0,6.6,90.0,15.0,2.2,1
Apple iPhone 13 Pro (1TB),28101000,84.0,6,1.0,3095,12.0,6.1,120.0,,3.22,1
Nubia Red Magic 6S 5G,8549810,84.0,8,128.0,5050,64.0,6.8,165.0,30.0,2.9,1
Micromax IN 2B (6GB RAM + 64GB),1480100,68.0,6,64.0,5000,13.0,6.52,,,1.8,0
Nokia X60 5G,7598100,87.0,6,128.0,6000,200.0,6.51,144.0,33.0,3.2,1
Vivo Y12a,1899810,65.0,3,32.0,5000,13.0,6.51,,,2.0,0
Oppo Reno 5A,4368100,80.0,6,128.0,4000,64.0,6.5,90.0,18.0,2.4,1
Poco F3 GT,6269810,79.0,6,128.0,5065,64.0,6.67,120.0,67.0,3.0,1
Honor 50,6268100,85.0,6,128.0,4300,108.0,6.57,120.0,66.0,2.4,1
OPPO A54 (6GB RAM + 128GB),2849810,74.0,6,128.0,5000,13.0,6.51,,,2.3,0
Realme 8i,2374810,74.0,4,64.0,5000,50.0,6.6,120.0,18.0,2.05,0
iQOO 7 Legend,7598100,84.0,8,128.0,4000,48.0,6.62,120.0,66.0,2.84,1
Realme C11 2021,1234810,61.0,2,32.0,5000,8.0,6.52,,,1.6,0
Samsung Galaxy A22,3514810,76.0,6,128.0,5000,48.0,6.4,,15.0,2.0,0
Realme GT 5G,5888860,85.0,8,128.0,4500,64.0,6.43,120.0,65.0,2.84,1
Google Pixel 5A,6269810,78.0,6,128.0,4620,16.0,6.34,,18.0,2.4,1
Samsung Galaxy F12,1994810,73.0,4,64.0,6000,48.0,6.5,90.0,15.0,2.0,0
Samsung Galaxy F41 (6GB RAM + 128GB),3799810,82.0,6,128.0,6000,64.0,6.4,,15.0,2.3,0
Samsung Galaxy A21s (6GB RAM + 128GB),3324810,75.0,6,128.0,5000,48.0,6.5,,,2.0,0
Xiaomi Redmi 9A (6GB RAM + 128GB),2088100,69.0,6,128.0,5000,13.0,6.53,,,2.0,0
Vivo V20 SE,3610000,82.0,8,128.0,4100,48.0,6.44,,33.0,2.0,0
OPPO A53 2020 (6GB RAM + 128GB),2658100,70.0,6,128.0,5000,13.0,6.5,90.0,18.0,1.8,0
Realme Narzo 20,1994810,72.0,4,64.0,6000,48.0,6.5,,18.0,2.0,0
Realme C11,1233100,61.0,2,32.0,5000,13.0,6.5,,,2.3,0
Xiaomi Mi 10 5G (8GB RAM + 256GB),10449810,88.0,8,256.0,4780,108.0,6.67,90.0,30.0,2.84,1
Vivo Y21 (2020),1898100,65.0,4,64.0,5000,13.0,6.5,,,1.8,0
OnePlus Z,4749810,79.0,8,128.0,4300,64.0,6.55,90.0,30.0,2.4,0
Sharp Aquos R5G,11398100,88.0,12,256.0,3730,48.0,6.5,,,2.84,0
Samsung Galaxy A11,1898100,63.0,2,32.0,4000,13.0,6.4,,15.0,1.8,0
Samsung Galaxy A9 Pro (2019),7598100,78.0,6,128.0,3400,24.0,6.4,,,2.2,0
Samsung Galaxy A7 (2018),4083100,70.0,4,64.0,3300,24.0,6.0,,,2.2,0
Poco C55,1519810,70.0,4,64.0,5000,50.0,6.71,,,2.0,0
Blackview BV5200 Pro,1708100,67.0,4,64.0,5180,13.0,6.1,,10.0,2.3,1
Honor X7a,2659810,75.0,6,128.0,5000,50.0,6.75,90.0,5.0,2.3,0
OPPO A58x,2658100,72.0,6,128.0,5000,13.0,6.56,90.0,10.0,2.2,1
Doogee S99,2849810,84.0,8,128.0,6000,108.0,6.3,,33.0,2.05,0
Motorola Edge 40 Fusion,8168100,87.0,8,128.0,4500,50.0,6.67,144.0,68.0,3.2,1
iKall Z18,1291810,61.0,4,64.0,5000,20.0,6.82,,,1.3,0
Oukitel WP9,4920810,72.0,6,128.0,8000,16.0,5.86,,,2.0,0
Xiaomi 14,10449810,89.0,12,256.0,5000,50.0,6.43,120.0,67.0,3.2,1
Motorola ThinkPhone,9498100,89.0,8,128.0,5000,50.0,6.6,144.0,68.0,3.2,1
Xiaomi Civi 3,6268100,86.0,8,256.0,5000,64.0,6.7,120.0,80.0,3.1,1
Realme Narzo 50i Prime (4GB RAM + 64GB),1656800,64.0,4,64.0,5000,8.0,6.5,,10.0,1.82,0
Oppo Find X6,13298100,89.0,8,256.0,4700,50.0,6.73,120.0,120.0,3.2,1
Google Pixel 8 Pro,13488100,80.0,12,256.0,5000,50.0,6.73,120.0,67.0,,1
Motorola Moto Edge S30 Pro,6648100,83.0,8,128.0,5000,64.0,6.67,120.0,2.0,3.0,1
Honor X8 5G,2848100,75.0,6,128.0,5000,48.0,6.5,,5.0,2.2,1
POCO X4 GT 5G (8GB RAM + 256GB),5508100,85.0,8,256.0,5080,64.0,6.6,144.0,67.0,2.85,1
Motorola Moto G91 5G,3798100,80.0,6,128.0,5000,108.0,6.8,,,2.2,1
Samsung Galaxy M52s 5G,4748100,74.0,8,128.0,5000,64.0,6.5,,,,1
